SalesKey,TransactionId,DateKey,TimeKey,CustomerId,ShopId,TotalQuantity,TotalAmount,PaymentMethod,LoyaltyPointsEarned,LoyaltyPointsRedeemed,CreatedAt
1,txn-000001,20251002,75820,customer-029,shop-001,1,4.95,Mobile Pay,5,0,2025-10-02T07:58:20Z
2,txn-000002,20250927,135650,customer-109,shop-002,1,3.25,Credit Card,3,0,2025-09-27T13:56:50Z
3,txn-000003,20250923,34820,customer-108,shop-008,1,3.00,Cash,2,0,2025-09-23T03:48:20Z
4,txn-000004,20251014,90412,customer-087,shop-004,1,5.50,Gift Card,4,0,2025-10-14T09:04:12Z
5,txn-000005,20250813,85157,customer-250,shop-030,1,2.75,Credit Card,2,2,2025-08-13T08:51:57Z
6,txn-000006,20251015,72247,customer-075,shop-003,2,9.90,Credit Card,9,0,2025-10-15T07:22:47Z
7,txn-000007,20251005,73716,customer-069,shop-023,2,9.75,Credit Card,10,0,2025-10-05T07:37:16Z
8,txn-000008,20250924,74713,customer-057,shop-022,1,4.50,Credit Card,4,0,2025-09-24T07:47:13Z
9,txn-000009,20250925,73731,customer-225,shop-023,2,10.45,Debit Card,10,0,2025-09-25T07:37:31Z
10,txn-000010,20250911,201923,customer-230,shop-019,1,4.95,Mobile Pay,5,0,2025-09-11T20:19:23Z
11,txn-000011,20250816,20845,customer-161,shop-006,1,6.95,Gift Card,6,0,2025-08-16T02:08:45Z
12,txn-000012,20250923,230635,customer-221,shop-001,2,9.20,Credit Card,9,0,2025-09-23T23:06:35Z
13,txn-000013,20251010,25839,customer-068,shop-017,4,16.50,Cash,16,0,2025-10-10T02:58:39Z
14,txn-000014,20250812,24014,customer-238,shop-012,1,3.25,Debit Card,3,3,2025-08-12T02:40:14Z
15,txn-000015,20251014,143124,customer-033,shop-005,4,14.25,Gift Card,14,0,2025-10-14T14:31:24Z
16,txn-000016,20251005,110838,customer-167,shop-012,1,4.25,Cash,3,0,2025-10-05T11:08:38Z
17,txn-000017,20250927,90953,customer-057,shop-001,1,4.50,Credit Card,4,0,2025-09-27T09:09:53Z
18,txn-000018,20250822,11228,customer-139,shop-005,2,9.90,Cash,9,9,2025-08-22T01:12:28Z
19,txn-000019,20250904,153423,customer-109,shop-014,2,8.70,Credit Card,8,0,2025-09-04T15:34:23Z
20,txn-000020,20250911,50319,customer-047,shop-009,4,20.10,Debit Card,21,0,2025-09-11T05:03:19Z
21,txn-000021,20251013,95605,customer-218,shop-008,2,9.00,Gift Card,8,8,2025-10-13T09:56:05Z
22,txn-000022,20250826,235804,customer-238,shop-026,1,5.95,Mobile Pay,5,0,2025-08-26T23:58:04Z
23,txn-000023,20250806,221633,customer-149,shop-024,2,8.50,Credit Card,9,9,2025-08-06T22:16:33Z
24,txn-000024,20250807,213958,customer-153,shop-003,1,3.25,Debit Card,2,2,2025-08-07T21:39:58Z
25,txn-000025,20250925,30427,customer-134,shop-011,2,8.50,Debit Card,8,0,2025-09-25T03:04:27Z
26,txn-000026,20250808,70215,customer-003,shop-015,4,19.50,Cash,18,0,2025-08-08T07:02:15Z
27,txn-000027,20251008,132200,customer-078,shop-020,2,10.50,Cash,9,0,2025-10-08T13:22:00Z
28,txn-000028,20250826,221500,customer-030,shop-029,1,3.75,Cash,3,0,2025-08-26T22:15:00Z
29,txn-000029,20250826,210737,customer-130,shop-016,1,7.25,Credit Card,7,7,2025-08-26T21:07:37Z
30,txn-000030,20250816,223047,customer-190,shop-015,2,8.50,Gift Card,8,6,2025-08-16T22:30:47Z
31,txn-000031,20250906,22008,customer-150,shop-018,2,7.50,Gift Card,7,0,2025-09-06T02:20:08Z
32,txn-000032,20250904,234521,customer-054,shop-022,3,15.75,Credit Card,16,0,2025-09-04T23:45:21Z
33,txn-000033,20250824,53816,customer-222,shop-006,2,5.50,Gift Card,5,0,2025-08-24T05:38:16Z
34,txn-000034,20250827,34208,customer-041,shop-026,1,4.50,Credit Card,4,0,2025-08-27T03:42:08Z
35,txn-000035,20250830,210846,customer-211,shop-026,1,4.50,Debit Card,4,0,2025-08-30T21:08:46Z
36,txn-000036,20250828,82430,customer-090,shop-021,2,7.25,Gift Card,7,0,2025-08-28T08:24:30Z
37,txn-000037,20250811,183546,customer-153,shop-014,1,2.25,Mobile Pay,2,0,2025-08-11T18:35:46Z
38,txn-000038,20251009,13521,customer-112,shop-001,3,15.50,Cash,15,0,2025-10-09T01:35:21Z
39,txn-000039,20250813,82352,customer-185,shop-029,1,7.25,Cash,6,6,2025-08-13T08:23:52Z
40,txn-000040,20251004,192352,customer-241,shop-013,3,14.45,Debit Card,14,0,2025-10-04T19:23:52Z
41,txn-000041,20251003,193428,customer-083,shop-015,2,5.75,Gift Card,5,0,2025-10-03T19:34:28Z
42,txn-000042,20250810,73628,customer-210,shop-025,1,3.75,Mobile Pay,3,0,2025-08-10T07:36:28Z
43,txn-000043,20251014,204235,customer-019,shop-015,1,6.95,Cash,6,0,2025-10-14T20:42:35Z
44,txn-000044,20251013,35226,customer-221,shop-025,1,2.75,Gift Card,2,0,2025-10-13T03:52:26Z
45,txn-000045,20250914,133759,customer-035,shop-026,4,14.20,Cash,13,0,2025-09-14T13:37:59Z
46,txn-000046,20250913,224418,customer-067,shop-025,2,6.25,Mobile Pay,5,0,2025-09-13T22:44:18Z
47,txn-000047,20250901,65838,customer-229,shop-018,1,6.95,Debit Card,6,0,2025-09-01T06:58:38Z
48,txn-000048,20250902,90034,customer-139,shop-015,2,14.50,Credit Card,14,0,2025-09-02T09:00:34Z
49,txn-000049,20251014,135752,customer-148,shop-013,3,17.45,Credit Card,16,0,2025-10-14T13:57:52Z
50,txn-000050,20250908,610,customer-087,shop-022,2,9.20,Gift Card,9,9,2025-09-08T00:06:10Z
51,txn-000051,20250814,101209,customer-222,shop-015,1,2.75,Credit Card,2,0,2025-08-14T10:12:09Z
52,txn-000052,20250828,62305,customer-193,shop-027,2,7.00,Mobile Pay,6,0,2025-08-28T06:23:05Z
53,txn-000053,20250805,34829,customer-194,shop-001,2,7.20,Debit Card,7,0,2025-08-05T03:48:29Z
54,txn-000054,20250826,30527,customer-197,shop-012,3,11.45,Cash,11,0,2025-08-26T03:05:27Z
55,txn-000055,20250906,163142,customer-102,shop-023,1,4.25,Credit Card,4,0,2025-09-06T16:31:42Z
56,txn-000056,20250813,443,customer-204,shop-019,1,5.50,Mobile Pay,5,0,2025-08-13T00:04:43Z
57,txn-000057,20250917,201509,customer-028,shop-014,2,12.25,Gift Card,13,0,2025-09-17T20:15:09Z
58,txn-000058,20250917,43751,customer-120,shop-014,1,4.25,Cash,4,0,2025-09-17T04:37:51Z
59,txn-000059,20250925,135045,customer-157,shop-022,1,2.75,Mobile Pay,2,0,2025-09-25T13:50:45Z
60,txn-000060,20250828,93905,customer-226,shop-020,1,2.25,Mobile Pay,2,0,2025-08-28T09:39:05Z
61,txn-000061,20251013,203906,customer-062,shop-023,1,3.00,Gift Card,2,0,2025-10-13T20:39:06Z
62,txn-000062,20251004,170820,customer-149,shop-012,1,7.75,Cash,7,0,2025-10-04T17:08:20Z
63,txn-000063,20250831,2900,customer-065,shop-008,1,5.95,Debit Card,5,0,2025-08-31T00:29:00Z
64,txn-000064,20251010,142419,customer-151,shop-025,1,4.25,Cash,4,0,2025-10-10T14:24:19Z
65,txn-000065,20251008,234809,customer-137,shop-005,4,19.15,Credit Card,19,0,2025-10-08T23:48:09Z
66,txn-000066,20250819,33554,customer-248,shop-002,1,4.50,Gift Card,4,0,2025-08-19T03:35:54Z
67,txn-000067,20250815,233258,customer-039,shop-026,1,4.25,Mobile Pay,4,0,2025-08-15T23:32:58Z
68,txn-000068,20250930,70109,customer-058,shop-025,2,8.50,Gift Card,9,0,2025-09-30T07:01:09Z
69,txn-000069,20250930,130554,customer-016,shop-020,3,10.75,Credit Card,10,0,2025-09-30T13:05:54Z
70,txn-000070,20250915,205831,customer-075,shop-002,2,9.45,Mobile Pay,9,0,2025-09-15T20:58:31Z
71,txn-000071,20250820,105707,customer-109,shop-004,2,7.50,Debit Card,7,0,2025-08-20T10:57:07Z
72,txn-000072,20250912,211806,customer-032,shop-015,2,5.50,Mobile Pay,5,0,2025-09-12T21:18:06Z
73,txn-000073,20250928,204517,customer-065,shop-001,4,12.75,Debit Card,13,0,2025-09-28T20:45:17Z
74,txn-000074,20250818,205401,customer-150,shop-014,4,21.25,Gift Card,21,0,2025-08-18T20:54:01Z
75,txn-000075,20250909,30716,customer-209,shop-025,1,2.75,Credit Card,3,0,2025-09-09T03:07:16Z
76,txn-000076,20250920,50546,customer-212,shop-001,1,3.75,Cash,3,0,2025-09-20T05:05:46Z
77,txn-000077,20250913,40148,customer-195,shop-002,2,7.50,Mobile Pay,7,7,2025-09-13T04:01:48Z
78,txn-000078,20250929,84625,customer-205,shop-008,1,4.00,Debit Card,3,0,2025-09-29T08:46:25Z
79,txn-000079,20250812,62300,customer-119,shop-004,1,3.75,Debit Card,3,0,2025-08-12T06:23:00Z
80,txn-000080,20250916,22106,customer-063,shop-015,1,3.25,Debit Card,3,3,2025-09-16T02:21:06Z
81,txn-000081,20250903,55800,customer-240,shop-026,2,7.00,Mobile Pay,6,0,2025-09-03T05:58:00Z
82,txn-000082,20250903,181149,customer-086,shop-018,3,8.25,Gift Card,7,0,2025-09-03T18:11:49Z
83,txn-000083,20251015,130858,customer-106,shop-002,4,16.70,Gift Card,16,16,2025-10-15T13:08:58Z
84,txn-000084,20250927,131312,customer-085,shop-028,1,3.50,Gift Card,3,0,2025-09-27T13:13:12Z
85,txn-000085,20250816,54115,customer-020,shop-016,3,19.15,Mobile Pay,18,0,2025-08-16T05:41:15Z
86,txn-000086,20251013,233204,customer-125,shop-028,4,15.50,Credit Card,16,0,2025-10-13T23:32:04Z
87,txn-000087,20250811,1155,customer-114,shop-006,3,10.50,Mobile Pay,10,0,2025-08-11T00:11:55Z
88,txn-000088,20250818,55628,customer-021,shop-020,2,5.75,Cash,5,5,2025-08-18T05:56:28Z
89,txn-000089,20250829,41349,customer-174,shop-018,1,5.50,Credit Card,6,0,2025-08-29T04:13:49Z
90,txn-000090,20250914,143016,customer-217,shop-010,2,10.70,Gift Card,11,11,2025-09-14T14:30:16Z
91,txn-000091,20250827,213508,customer-003,shop-019,4,16.50,Credit Card,17,0,2025-08-27T21:35:08Z
92,txn-000092,20251006,83026,customer-215,shop-005,3,11.75,Credit Card,11,0,2025-10-06T08:30:26Z
93,txn-000093,20250922,145440,customer-225,shop-012,5,16.45,Cash,15,0,2025-09-22T14:54:40Z
94,txn-000094,20251005,215654,customer-186,shop-022,1,6.95,Cash,6,0,2025-10-05T21:56:54Z
95,txn-000095,20251012,231924,customer-173,shop-009,2,9.75,Gift Card,10,0,2025-10-12T23:19:24Z
96,txn-000096,20250929,113540,customer-057,shop-021,3,15.45,Gift Card,14,0,2025-09-29T11:35:40Z
97,txn-000097,20250907,233637,customer-117,shop-012,1,4.25,Cash,4,0,2025-09-07T23:36:37Z
98,txn-000098,20250828,95030,customer-009,shop-023,1,4.95,Debit Card,5,0,2025-08-28T09:50:30Z
99,txn-000099,20251002,203319,customer-092,shop-002,1,4.95,Mobile Pay,4,0,2025-10-02T20:33:19Z
100,txn-000100,20250803,74559,customer-013,shop-026,4,14.50,Debit Card,13,0,2025-08-03T07:45:59Z
101,txn-000101,20250801,123626,customer-071,shop-028,1,3.25,Debit Card,2,2,2025-08-01T12:36:26Z
102,txn-000102,20250927,100736,customer-083,shop-001,1,7.75,Mobile Pay,7,0,2025-09-27T10:07:36Z
103,txn-000103,20250905,93643,customer-132,shop-019,1,2.25,Gift Card,2,0,2025-09-05T09:36:43Z
104,txn-000104,20250830,125058,customer-118,shop-021,3,18.45,Credit Card,17,17,2025-08-30T12:50:58Z
105,txn-000105,20251001,171032,customer-150,shop-018,1,3.25,Mobile Pay,3,0,2025-10-01T17:10:32Z
106,txn-000106,20251008,91552,customer-030,shop-028,3,16.25,Cash,16,0,2025-10-08T09:15:52Z
107,txn-000107,20250810,113357,customer-081,shop-014,2,9.90,Mobile Pay,9,0,2025-08-10T11:33:57Z
108,txn-000108,20250810,71430,customer-111,shop-004,3,17.15,Mobile Pay,15,0,2025-08-10T07:14:30Z
109,txn-000109,20251004,202120,customer-241,shop-025,3,11.50,Credit Card,10,0,2025-10-04T20:21:20Z
110,txn-000110,20250905,222845,customer-030,shop-025,3,23.25,Cash,24,0,2025-09-05T22:28:45Z
111,txn-000111,20251002,153551,customer-143,shop-001,1,3.25,Mobile Pay,3,0,2025-10-02T15:35:51Z
112,txn-000112,20250818,204220,customer-223,shop-005,1,3.00,Gift Card,2,0,2025-08-18T20:42:20Z
113,txn-000113,20250903,82042,customer-041,shop-012,2,8.50,Mobile Pay,7,0,2025-09-03T08:20:42Z
114,txn-000114,20250911,100133,customer-125,shop-020,1,2.25,Gift Card,2,0,2025-09-11T10:01:33Z
115,txn-000115,20250927,200610,customer-125,shop-017,1,6.95,Mobile Pay,6,0,2025-09-27T20:06:10Z
116,txn-000116,20251014,180314,customer-036,shop-025,1,3.50,Mobile Pay,3,0,2025-10-14T18:03:14Z
117,txn-000117,20251008,134022,customer-059,shop-017,1,4.50,Mobile Pay,4,0,2025-10-08T13:40:22Z
118,txn-000118,20250926,33657,customer-110,shop-019,2,13.90,Gift Card,12,0,2025-09-26T03:36:57Z
119,txn-000119,20250914,220612,customer-213,shop-023,1,4.25,Credit Card,4,4,2025-09-14T22:06:12Z
120,txn-000120,20251012,155104,customer-087,shop-008,1,5.75,Debit Card,6,0,2025-10-12T15:51:04Z
121,txn-000121,20251010,205458,customer-246,shop-027,1,4.25,Debit Card,4,0,2025-10-10T20:54:58Z
122,txn-000122,20251003,212648,customer-020,shop-006,1,3.25,Gift Card,3,0,2025-10-03T21:26:48Z
123,txn-000123,20251001,222108,customer-160,shop-011,1,4.50,Mobile Pay,4,0,2025-10-01T22:21:08Z
124,txn-000124,20250806,165325,customer-091,shop-017,1,3.75,Mobile Pay,3,0,2025-08-06T16:53:25Z
125,txn-000125,20250810,2421,customer-158,shop-020,2,11.90,Gift Card,11,0,2025-08-10T00:24:21Z
126,txn-000126,20251003,125328,customer-049,shop-011,1,4.50,Gift Card,4,0,2025-10-03T12:53:28Z
127,txn-000127,20251009,142833,customer-022,shop-017,1,4.25,Debit Card,4,0,2025-10-09T14:28:33Z
128,txn-000128,20250828,171123,customer-100,shop-014,1,2.75,Cash,2,0,2025-08-28T17:11:23Z
129,txn-000129,20250825,171133,customer-186,shop-028,2,7.25,Cash,7,0,2025-08-25T17:11:33Z
130,txn-000130,20250813,182844,customer-153,shop-023,1,2.75,Mobile Pay,2,0,2025-08-13T18:28:44Z
131,txn-000131,20251006,190753,customer-234,shop-017,1,3.50,Gift Card,3,0,2025-10-06T19:07:53Z
132,txn-000132,20251014,151624,customer-125,shop-007,1,3.75,Debit Card,3,0,2025-10-14T15:16:24Z
133,txn-000133,20250921,85427,customer-010,shop-022,1,6.95,Cash,7,0,2025-09-21T08:54:27Z
134,txn-000134,20250817,74403,customer-185,shop-015,1,4.95,Gift Card,5,0,2025-08-17T07:44:03Z
135,txn-000135,20250823,231558,customer-137,shop-008,4,18.50,Gift Card,19,0,2025-08-23T23:15:58Z
136,txn-000136,20250814,162931,customer-224,shop-009,3,16.15,Gift Card,16,0,2025-08-14T16:29:31Z
137,txn-000137,20250920,21154,customer-038,shop-027,3,14.00,Credit Card,12,0,2025-09-20T02:11:54Z
138,txn-000138,20250901,43522,customer-239,shop-004,3,13.00,Mobile Pay,12,0,2025-09-01T04:35:22Z
139,txn-000139,20250913,191901,customer-158,shop-001,2,9.90,Credit Card,10,0,2025-09-13T19:19:01Z
140,txn-000140,20251015,143647,customer-074,shop-008,1,7.75,Credit Card,7,7,2025-10-15T14:36:47Z
141,txn-000141,20250928,43009,customer-138,shop-001,1,4.25,Cash,4,0,2025-09-28T04:30:09Z
142,txn-000142,20250910,164022,customer-048,shop-022,2,11.00,Credit Card,11,0,2025-09-10T16:40:22Z
143,txn-000143,20250919,125046,customer-142,shop-001,1,6.95,Gift Card,6,0,2025-09-19T12:50:46Z
144,txn-000144,20250903,172652,customer-062,shop-024,3,11.25,Credit Card,10,0,2025-09-03T17:26:52Z
145,txn-000145,20250915,83859,customer-179,shop-016,2,7.25,Debit Card,7,0,2025-09-15T08:38:59Z
146,txn-000146,20250831,83145,customer-132,shop-013,1,4.50,Gift Card,4,0,2025-08-31T08:31:45Z
147,txn-000147,20250902,112626,customer-070,shop-004,4,19.70,Gift Card,19,0,2025-09-02T11:26:26Z
148,txn-000148,20250827,33015,customer-206,shop-003,1,2.25,Gift Card,2,2,2025-08-27T03:30:15Z
149,txn-000149,20250831,1113,customer-115,shop-020,1,4.25,Gift Card,4,0,2025-08-31T00:11:13Z
150,txn-000150,20250929,224228,customer-112,shop-009,1,6.95,Credit Card,7,0,2025-09-29T22:42:28Z
151,txn-000151,20250804,63346,customer-037,shop-028,1,3.75,Gift Card,3,0,2025-08-04T06:33:46Z
152,txn-000152,20250925,74632,customer-009,shop-020,3,15.00,Gift Card,16,10,2025-09-25T07:46:32Z
153,txn-000153,20250918,165124,customer-133,shop-013,1,3.25,Credit Card,3,0,2025-09-18T16:51:24Z
154,txn-000154,20250917,223445,customer-052,shop-004,2,7.00,Credit Card,7,0,2025-09-17T22:34:45Z
155,txn-000155,20251005,21046,customer-089,shop-023,1,3.75,Cash,4,0,2025-10-05T02:10:46Z
156,txn-000156,20250905,82016,customer-131,shop-008,2,7.75,Debit Card,8,0,2025-09-05T08:20:16Z
157,txn-000157,20250929,155634,customer-227,shop-003,1,3.50,Mobile Pay,3,0,2025-09-29T15:56:34Z
158,txn-000158,20250813,100157,customer-249,shop-011,1,2.75,Credit Card,2,0,2025-08-13T10:01:57Z
159,txn-000159,20250927,73826,customer-047,shop-025,1,3.75,Gift Card,3,0,2025-09-27T07:38:26Z
160,txn-000160,20251009,25149,customer-058,shop-012,3,11.00,Mobile Pay,10,0,2025-10-09T02:51:49Z
161,txn-000161,20250919,10449,customer-165,shop-006,2,6.50,Cash,6,0,2025-09-19T01:04:49Z
162,txn-000162,20250805,55922,customer-212,shop-028,1,3.25,Credit Card,3,0,2025-08-05T05:59:22Z
163,txn-000163,20251002,65726,customer-008,shop-016,1,3.75,Cash,3,0,2025-10-02T06:57:26Z
164,txn-000164,20250914,65003,customer-019,shop-023,1,3.00,Debit Card,3,0,2025-09-14T06:50:03Z
165,txn-000165,20251009,235424,customer-082,shop-024,1,5.50,Gift Card,5,0,2025-10-09T23:54:24Z
166,txn-000166,20250827,51515,customer-116,shop-008,1,6.95,Credit Card,7,0,2025-08-27T05:15:15Z
167,txn-000167,20250902,5850,customer-240,shop-019,3,11.85,Mobile Pay,11,0,2025-09-02T00:58:50Z
168,txn-000168,20250918,125724,customer-006,shop-003,1,4.25,Cash,3,0,2025-09-18T12:57:24Z
169,txn-000169,20250928,61910,customer-226,shop-027,1,3.00,Gift Card,3,0,2025-09-28T06:19:10Z
170,txn-000170,20251014,95454,customer-104,shop-012,1,4.50,Gift Card,4,0,2025-10-14T09:54:54Z
171,txn-000171,20250913,232406,customer-196,shop-018,2,8.50,Cash,8,8,2025-09-13T23:24:06Z
172,txn-000172,20250919,162029,customer-103,shop-017,1,2.75,Credit Card,2,0,2025-09-19T16:20:29Z
173,txn-000173,20250814,194247,customer-084,shop-030,2,6.50,Mobile Pay,6,0,2025-08-14T19:42:47Z
174,txn-000174,20250919,174311,customer-137,shop-016,1,3.50,Cash,3,0,2025-09-19T17:43:11Z
175,txn-000175,20250831,25628,customer-204,shop-029,1,3.25,Credit Card,3,0,2025-08-31T02:56:28Z
176,txn-000176,20251010,65902,customer-014,shop-019,1,2.75,Debit Card,2,2,2025-10-10T06:59:02Z
177,txn-000177,20250819,183334,customer-005,shop-015,1,4.50,Gift Card,4,0,2025-08-19T18:33:34Z
178,txn-000178,20251011,163730,customer-187,shop-002,3,15.75,Debit Card,15,0,2025-10-11T16:37:30Z
179,txn-000179,20250818,13239,customer-118,shop-030,1,3.25,Mobile Pay,3,0,2025-08-18T01:32:39Z
180,txn-000180,20250830,53312,customer-058,shop-010,2,5.75,Debit Card,5,0,2025-08-30T05:33:12Z
181,txn-000181,20250907,24505,customer-230,shop-013,1,3.75,Debit Card,4,0,2025-09-07T02:45:05Z
182,txn-000182,20251012,192529,customer-123,shop-007,1,5.95,Cash,5,0,2025-10-12T19:25:29Z
183,txn-000183,20250824,113403,customer-063,shop-002,1,4.25,Cash,4,0,2025-08-24T11:34:03Z
184,txn-000184,20251006,91732,customer-198,shop-005,3,14.70,Cash,15,0,2025-10-06T09:17:32Z
185,txn-000185,20250823,190644,customer-137,shop-024,6,21.50,Credit Card,23,0,2025-08-23T19:06:44Z
186,txn-000186,20250804,211809,customer-003,shop-010,1,2.75,Cash,2,0,2025-08-04T21:18:09Z
187,txn-000187,20250814,64230,customer-218,shop-017,1,4.95,Mobile Pay,4,0,2025-08-14T06:42:30Z
188,txn-000188,20250819,75231,customer-004,shop-024,1,3.75,Mobile Pay,3,0,2025-08-19T07:52:31Z
189,txn-000189,20250911,183714,customer-132,shop-011,2,7.45,Gift Card,7,0,2025-09-11T18:37:14Z
190,txn-000190,20250827,40830,customer-245,shop-011,2,7.25,Cash,6,0,2025-08-27T04:08:30Z
191,txn-000191,20250909,144121,customer-176,shop-017,2,9.25,Mobile Pay,9,0,2025-09-09T14:41:21Z
192,txn-000192,20250906,123632,customer-107,shop-023,2,9.50,Gift Card,9,0,2025-09-06T12:36:32Z
193,txn-000193,20250925,3630,customer-029,shop-002,1,4.50,Cash,4,0,2025-09-25T00:36:30Z
194,txn-000194,20251006,71210,customer-053,shop-023,2,5.50,Gift Card,5,0,2025-10-06T07:12:10Z
195,txn-000195,20250914,142503,customer-145,shop-002,2,6.75,Gift Card,6,6,2025-09-14T14:25:03Z
196,txn-000196,20251008,60054,customer-017,shop-018,3,10.50,Credit Card,10,0,2025-10-08T06:00:54Z
197,txn-000197,20250907,91431,customer-115,shop-028,1,4.50,Gift Card,4,0,2025-09-07T09:14:31Z
198,txn-000198,20250922,95410,customer-101,shop-017,2,7.25,Debit Card,7,0,2025-09-22T09:54:10Z
199,txn-000199,20250914,232004,customer-089,shop-005,3,16.25,Debit Card,14,0,2025-09-14T23:20:04Z
200,txn-000200,20251008,124632,customer-224,shop-002,1,5.75,Credit Card,6,6,2025-10-08T12:46:32Z
201,txn-000201,20250829,80157,customer-060,shop-027,2,6.50,Cash,6,0,2025-08-29T08:01:57Z
202,txn-000202,20251004,82423,customer-134,shop-008,2,11.90,Mobile Pay,12,0,2025-10-04T08:24:23Z
203,txn-000203,20250911,172658,customer-143,shop-016,3,11.95,Mobile Pay,11,0,2025-09-11T17:26:58Z
204,txn-000204,20250830,104559,customer-220,shop-023,3,16.45,Gift Card,15,0,2025-08-30T10:45:59Z
205,txn-000205,20250906,64023,customer-024,shop-018,1,6.95,Debit Card,6,6,2025-09-06T06:40:23Z
206,txn-000206,20251010,134512,customer-172,shop-018,2,5.50,Gift Card,4,0,2025-10-10T13:45:12Z
207,txn-000207,20251012,54544,customer-031,shop-024,2,10.70,Debit Card,10,0,2025-10-12T05:45:44Z
208,txn-000208,20250826,152857,customer-093,shop-017,2,6.00,Gift Card,5,0,2025-08-26T15:28:57Z
209,txn-000209,20250924,204639,customer-222,shop-008,1,5.95,Debit Card,5,0,2025-09-24T20:46:39Z
210,txn-000210,20250902,63830,customer-059,shop-013,1,2.75,Debit Card,2,0,2025-09-02T06:38:30Z
211,txn-000211,20251012,12244,customer-126,shop-015,1,5.25,Mobile Pay,5,0,2025-10-12T01:22:44Z
212,txn-000212,20250806,225120,customer-135,shop-002,2,12.70,Credit Card,11,0,2025-08-06T22:51:20Z
213,txn-000213,20250807,25132,customer-159,shop-021,3,9.75,Cash,10,10,2025-08-07T02:51:32Z
214,txn-000214,20250818,154319,customer-028,shop-030,1,5.25,Cash,5,0,2025-08-18T15:43:19Z
215,txn-000215,20250908,185008,customer-021,shop-012,1,4.95,Gift Card,5,0,2025-09-08T18:50:08Z
216,txn-000216,20251003,82149,customer-195,shop-002,1,5.25,Gift Card,4,0,2025-10-03T08:21:49Z
217,txn-000217,20250918,184516,customer-217,shop-014,2,11.50,Mobile Pay,10,0,2025-09-18T18:45:16Z
218,txn-000218,20251007,110850,customer-228,shop-019,2,10.50,Mobile Pay,11,0,2025-10-07T11:08:50Z
219,txn-000219,20250804,104000,customer-046,shop-030,3,15.15,Credit Card,15,0,2025-08-04T10:40:00Z
220,txn-000220,20251012,14352,customer-036,shop-026,1,5.50,Credit Card,5,5,2025-10-12T01:43:52Z
221,txn-000221,20251014,215446,customer-158,shop-020,1,3.25,Mobile Pay,3,0,2025-10-14T21:54:46Z
222,txn-000222,20250912,41643,customer-048,shop-022,1,2.75,Gift Card,2,2,2025-09-12T04:16:43Z
223,txn-000223,20250907,32750,customer-183,shop-026,2,8.25,Debit Card,8,7,2025-09-07T03:27:50Z
224,txn-000224,20250819,103916,customer-111,shop-015,1,4.25,Cash,4,0,2025-08-19T10:39:16Z
225,txn-000225,20250901,175838,customer-222,shop-013,2,10.50,Mobile Pay,11,0,2025-09-01T17:58:38Z
226,txn-000226,20250925,184551,customer-134,shop-006,1,3.25,Gift Card,3,0,2025-09-25T18:45:51Z
227,txn-000227,20250828,10215,customer-108,shop-010,1,5.75,Credit Card,5,0,2025-08-28T01:02:15Z
228,txn-000228,20250811,151549,customer-035,shop-010,2,5.50,Gift Card,5,0,2025-08-11T15:15:49Z
229,txn-000229,20251003,110132,customer-250,shop-020,1,4.50,Mobile Pay,4,0,2025-10-03T11:01:32Z
230,txn-000230,20250829,130724,customer-189,shop-023,4,19.60,Gift Card,21,0,2025-08-29T13:07:24Z
231,txn-000231,20251014,184045,customer-141,shop-001,3,13.25,Gift Card,12,0,2025-10-14T18:40:45Z
232,txn-000232,20251009,163717,customer-109,shop-026,1,2.75,Credit Card,2,0,2025-10-09T16:37:17Z
233,txn-000233,20251007,94754,customer-108,shop-018,2,9.75,Mobile Pay,9,0,2025-10-07T09:47:54Z
234,txn-000234,20250924,222354,customer-166,shop-022,3,15.25,Gift Card,15,0,2025-09-24T22:23:54Z
235,txn-000235,20250906,134542,customer-101,shop-015,2,9.00,Cash,9,9,2025-09-06T13:45:42Z
236,txn-000236,20250904,13952,customer-080,shop-011,1,5.50,Debit Card,5,0,2025-09-04T01:39:52Z
237,txn-000237,20250807,183139,customer-077,shop-002,1,2.75,Credit Card,2,0,2025-08-07T18:31:39Z
238,txn-000238,20251012,32756,customer-063,shop-017,2,10.50,Cash,9,0,2025-10-12T03:27:56Z
239,txn-000239,20250819,34813,customer-048,shop-021,1,2.25,Gift Card,2,2,2025-08-19T03:48:13Z
240,txn-000240,20250821,53045,customer-072,shop-025,1,4.50,Credit Card,4,4,2025-08-21T05:30:45Z
241,txn-000241,20250921,113954,customer-248,shop-021,1,6.95,Cash,6,0,2025-09-21T11:39:54Z
242,txn-000242,20250818,105,customer-209,shop-022,3,12.00,Mobile Pay,12,0,2025-08-18T00:01:05Z
243,txn-000243,20250814,151514,customer-148,shop-013,2,11.90,Debit Card,12,0,2025-08-14T15:15:14Z
244,txn-000244,20250817,104929,customer-126,shop-010,1,4.95,Debit Card,4,4,2025-08-17T10:49:29Z
245,txn-000245,20250820,44056,customer-209,shop-013,2,10.25,Cash,9,9,2025-08-20T04:40:56Z
246,txn-000246,20250829,143707,customer-009,shop-009,1,4.95,Cash,5,0,2025-08-29T14:37:07Z
247,txn-000247,20250812,54802,customer-147,shop-004,2,10.75,Cash,11,11,2025-08-12T05:48:02Z
248,txn-000248,20251013,44542,customer-064,shop-010,2,9.00,Gift Card,8,0,2025-10-13T04:45:42Z
249,txn-000249,20250821,150305,customer-208,shop-024,3,15.75,Mobile Pay,16,0,2025-08-21T15:03:05Z
250,txn-000250,20250921,221814,customer-072,shop-020,1,3.75,Debit Card,4,0,2025-09-21T22:18:14Z
251,txn-000251,20251006,45255,customer-209,shop-004,4,15.00,Gift Card,13,0,2025-10-06T04:52:55Z
252,txn-000252,20251001,45435,customer-107,shop-013,3,19.15,Credit Card,18,0,2025-10-01T04:54:35Z
253,txn-000253,20250902,3821,customer-149,shop-001,2,9.00,Credit Card,8,0,2025-09-02T00:38:21Z
254,txn-000254,20250827,74410,customer-083,shop-027,2,9.90,Mobile Pay,10,0,2025-08-27T07:44:10Z
255,txn-000255,20251014,61050,customer-013,shop-002,1,3.95,Gift Card,4,0,2025-10-14T06:10:50Z
256,txn-000256,20251007,23207,customer-233,shop-005,1,3.25,Mobile Pay,3,0,2025-10-07T02:32:07Z
257,txn-000257,20251003,60421,customer-043,shop-002,2,12.50,Mobile Pay,12,12,2025-10-03T06:04:21Z
258,txn-000258,20250920,162334,customer-175,shop-015,2,12.50,Credit Card,11,0,2025-09-20T16:23:34Z
259,txn-000259,20250811,62837,customer-081,shop-012,3,14.85,Debit Card,13,0,2025-08-11T06:28:37Z
260,txn-000260,20250802,14451,customer-157,shop-021,1,5.25,Gift Card,5,0,2025-08-02T01:44:51Z
261,txn-000261,20250913,44944,customer-221,shop-007,1,5.75,Credit Card,5,0,2025-09-13T04:49:44Z
262,txn-000262,20250814,194940,customer-064,shop-009,1,3.25,Credit Card,3,0,2025-08-14T19:49:40Z
263,txn-000263,20250803,203019,customer-218,shop-028,1,3.25,Mobile Pay,3,0,2025-08-03T20:30:19Z
264,txn-000264,20250824,114218,customer-127,shop-013,1,2.25,Debit Card,2,0,2025-08-24T11:42:18Z
265,txn-000265,20250831,232605,customer-034,shop-013,2,7.90,Gift Card,8,7,2025-08-31T23:26:05Z
266,txn-000266,20250802,140827,customer-068,shop-007,3,13.45,Credit Card,13,0,2025-08-02T14:08:27Z
267,txn-000267,20250828,43248,customer-022,shop-010,3,12.95,Cash,12,0,2025-08-28T04:32:48Z
268,txn-000268,20250824,100355,customer-015,shop-008,1,3.25,Gift Card,3,0,2025-08-24T10:03:55Z
269,txn-000269,20250818,71704,customer-031,shop-001,2,7.45,Debit Card,7,0,2025-08-18T07:17:04Z
270,txn-000270,20250827,81559,customer-188,shop-029,1,7.25,Credit Card,6,0,2025-08-27T08:15:59Z
271,txn-000271,20251001,41526,customer-020,shop-016,1,3.50,Cash,3,0,2025-10-01T04:15:26Z
272,txn-000272,20250925,231845,customer-173,shop-024,2,7.50,Debit Card,8,0,2025-09-25T23:18:45Z
273,txn-000273,20250804,162411,customer-142,shop-026,2,9.90,Gift Card,9,0,2025-08-04T16:24:11Z
274,txn-000274,20250925,174631,customer-096,shop-004,2,4.50,Credit Card,4,0,2025-09-25T17:46:31Z
275,txn-000275,20250828,154921,customer-199,shop-028,1,3.50,Mobile Pay,3,0,2025-08-28T15:49:21Z
276,txn-000276,20251012,12013,customer-160,shop-008,1,2.50,Mobile Pay,2,0,2025-10-12T01:20:13Z
277,txn-000277,20250815,205042,customer-002,shop-030,2,11.00,Credit Card,11,0,2025-08-15T20:50:42Z
278,txn-000278,20250801,92424,customer-195,shop-022,1,2.25,Mobile Pay,2,0,2025-08-01T09:24:24Z
279,txn-000279,20250815,14515,customer-183,shop-009,5,20.50,Credit Card,21,21,2025-08-15T01:45:15Z
280,txn-000280,20250807,70746,customer-112,shop-022,1,2.75,Debit Card,2,0,2025-08-07T07:07:46Z
281,txn-000281,20250827,154211,customer-060,shop-003,2,8.20,Debit Card,8,0,2025-08-27T15:42:11Z
282,txn-000282,20251015,10053,customer-054,shop-015,1,4.25,Gift Card,4,0,2025-10-15T01:00:53Z
283,txn-000283,20251007,215036,customer-155,shop-002,1,4.95,Mobile Pay,4,0,2025-10-07T21:50:36Z
284,txn-000284,20250818,30828,customer-008,shop-013,2,9.20,Cash,8,0,2025-08-18T03:08:28Z
285,txn-000285,20250822,195808,customer-034,shop-007,2,8.50,Mobile Pay,7,0,2025-08-22T19:58:08Z
286,txn-000286,20250913,71611,customer-208,shop-005,1,3.50,Mobile Pay,3,0,2025-09-13T07:16:11Z
287,txn-000287,20250908,142449,customer-128,shop-001,1,3.75,Gift Card,3,3,2025-09-08T14:24:49Z
288,txn-000288,20250930,84709,customer-158,shop-008,1,5.25,Mobile Pay,5,5,2025-09-30T08:47:09Z
289,txn-000289,20251002,152920,customer-227,shop-026,2,8.75,Debit Card,9,0,2025-10-02T15:29:20Z
290,txn-000290,20250925,40345,customer-129,shop-011,1,2.75,Mobile Pay,2,0,2025-09-25T04:03:45Z
291,txn-000291,20250806,223138,customer-208,shop-016,2,7.50,Mobile Pay,7,0,2025-08-06T22:31:38Z
292,txn-000292,20250806,161635,customer-196,shop-008,1,3.25,Gift Card,3,0,2025-08-06T16:16:35Z
293,txn-000293,20250905,20131,customer-234,shop-019,3,10.50,Mobile Pay,10,10,2025-09-05T02:01:31Z
294,txn-000294,20250801,73533,customer-085,shop-030,2,6.00,Debit Card,6,0,2025-08-01T07:35:33Z
295,txn-000295,20250921,82121,customer-221,shop-012,2,10.20,Mobile Pay,9,0,2025-09-21T08:21:21Z
296,txn-000296,20251002,73551,customer-246,shop-016,2,11.90,Mobile Pay,12,0,2025-10-02T07:35:51Z
297,txn-000297,20251004,204804,customer-151,shop-027,1,3.75,Gift Card,3,0,2025-10-04T20:48:04Z
298,txn-000298,20250925,204806,customer-101,shop-028,1,2.75,Credit Card,2,0,2025-09-25T20:48:06Z
299,txn-000299,20250814,214322,customer-085,shop-024,1,2.75,Debit Card,3,0,2025-08-14T21:43:22Z
300,txn-000300,20251005,71613,customer-164,shop-024,1,3.75,Gift Card,3,0,2025-10-05T07:16:13Z
301,txn-000301,20251010,44107,customer-001,shop-002,3,15.15,Gift Card,13,0,2025-10-10T04:41:07Z
302,txn-000302,20250926,85800,customer-167,shop-025,1,3.75,Debit Card,3,0,2025-09-26T08:58:00Z
303,txn-000303,20250808,105358,customer-088,shop-006,3,15.75,Debit Card,16,0,2025-08-08T10:53:58Z
304,txn-000304,20251003,170449,customer-043,shop-020,3,8.25,Debit Card,8,0,2025-10-03T17:04:49Z
305,txn-000305,20251011,25745,customer-139,shop-009,1,4.25,Mobile Pay,4,0,2025-10-11T02:57:45Z
306,txn-000306,20250806,130019,customer-093,shop-001,1,2.75,Credit Card,2,0,2025-08-06T13:00:19Z
307,txn-000307,20250829,135811,customer-021,shop-016,2,6.75,Mobile Pay,6,0,2025-08-29T13:58:11Z
308,txn-000308,20250906,24605,customer-048,shop-015,2,6.50,Mobile Pay,6,0,2025-09-06T02:46:05Z
309,txn-000309,20251007,205341,customer-171,shop-004,3,13.25,Mobile Pay,13,0,2025-10-07T20:53:41Z
310,txn-000310,20250916,82515,customer-147,shop-029,1,6.95,Gift Card,7,0,2025-09-16T08:25:15Z
311,txn-000311,20250925,173927,customer-174,shop-020,6,20.00,Credit Card,19,0,2025-09-25T17:39:27Z
312,txn-000312,20251001,33234,customer-038,shop-027,1,3.75,Mobile Pay,3,0,2025-10-01T03:32:34Z
313,txn-000313,20250828,13540,customer-134,shop-015,1,6.75,Cash,6,0,2025-08-28T01:35:40Z
314,txn-000314,20251013,210850,customer-247,shop-004,3,12.75,Cash,12,0,2025-10-13T21:08:50Z
315,txn-000315,20250804,211804,customer-045,shop-009,3,18.40,Debit Card,16,0,2025-08-04T21:18:04Z
316,txn-000316,20250827,75048,customer-230,shop-012,3,10.75,Mobile Pay,11,0,2025-08-27T07:50:48Z
317,txn-000317,20250830,101012,customer-250,shop-024,1,7.75,Mobile Pay,7,0,2025-08-30T10:10:12Z
318,txn-000318,20250909,184632,customer-190,shop-016,2,6.75,Mobile Pay,7,0,2025-09-09T18:46:32Z
319,txn-000319,20250925,110609,customer-008,shop-006,2,9.45,Debit Card,9,0,2025-09-25T11:06:09Z
320,txn-000320,20250919,70147,customer-102,shop-021,1,3.50,Credit Card,3,0,2025-09-19T07:01:47Z
321,txn-000321,20250923,184202,customer-090,shop-012,3,11.25,Mobile Pay,11,0,2025-09-23T18:42:02Z
322,txn-000322,20250822,174707,customer-166,shop-008,1,7.75,Debit Card,8,0,2025-08-22T17:47:07Z
323,txn-000323,20250802,24401,customer-122,shop-030,2,8.45,Debit Card,8,0,2025-08-02T02:44:01Z
324,txn-000324,20250906,191504,customer-219,shop-012,1,3.75,Mobile Pay,3,0,2025-09-06T19:15:04Z
325,txn-000325,20250801,230715,customer-131,shop-022,2,6.50,Cash,7,0,2025-08-01T23:07:15Z
326,txn-000326,20250828,31119,customer-067,shop-021,2,4.50,Mobile Pay,4,0,2025-08-28T03:11:19Z
327,txn-000327,20250928,121044,customer-104,shop-022,3,9.75,Debit Card,8,0,2025-09-28T12:10:44Z
328,txn-000328,20250925,185719,customer-209,shop-007,3,14.50,Debit Card,15,0,2025-09-25T18:57:19Z
329,txn-000329,20250810,172553,customer-121,shop-005,3,16.40,Mobile Pay,15,0,2025-08-10T17:25:53Z
330,txn-000330,20250831,13337,customer-108,shop-026,2,7.50,Mobile Pay,7,0,2025-08-31T01:33:37Z
331,txn-000331,20250926,214938,customer-149,shop-020,2,8.20,Gift Card,8,0,2025-09-26T21:49:38Z
332,txn-000332,20250820,164329,customer-088,shop-014,1,3.25,Gift Card,3,0,2025-08-20T16:43:29Z
333,txn-000333,20251001,202923,customer-015,shop-001,1,4.50,Mobile Pay,4,0,2025-10-01T20:29:23Z
334,txn-000334,20250809,190904,customer-034,shop-020,1,3.00,Gift Card,3,0,2025-08-09T19:09:04Z
335,txn-000335,20250802,144807,customer-229,shop-011,1,4.00,Debit Card,3,0,2025-08-02T14:48:07Z
336,txn-000336,20250831,131339,customer-034,shop-004,2,6.50,Cash,6,0,2025-08-31T13:13:39Z
337,txn-000337,20251010,215816,customer-134,shop-020,3,12.75,Mobile Pay,12,0,2025-10-10T21:58:16Z
338,txn-000338,20250817,61223,customer-243,shop-030,1,3.50,Credit Card,3,0,2025-08-17T06:12:23Z
339,txn-000339,20250905,201311,customer-183,shop-021,2,7.75,Gift Card,7,7,2025-09-05T20:13:11Z
340,txn-000340,20250910,170926,customer-114,shop-013,1,3.50,Cash,3,0,2025-09-10T17:09:26Z
341,txn-000341,20251004,114724,customer-026,shop-022,2,11.25,Mobile Pay,10,10,2025-10-04T11:47:24Z
342,txn-000342,20250929,90437,customer-052,shop-025,5,27.50,Cash,26,7,2025-09-29T09:04:37Z
343,txn-000343,20250811,231921,customer-214,shop-019,1,5.25,Gift Card,5,0,2025-08-11T23:19:21Z
344,txn-000344,20251002,192448,customer-060,shop-015,2,8.50,Mobile Pay,9,0,2025-10-02T19:24:48Z
345,txn-000345,20251005,225849,customer-081,shop-014,2,7.50,Credit Card,7,0,2025-10-05T22:58:49Z
346,txn-000346,20250904,230557,customer-229,shop-015,2,10.00,Mobile Pay,9,0,2025-09-04T23:05:57Z
347,txn-000347,20251007,53521,customer-218,shop-016,1,3.75,Debit Card,4,0,2025-10-07T05:35:21Z
348,txn-000348,20250925,114403,customer-174,shop-015,1,5.50,Cash,5,0,2025-09-25T11:44:03Z
349,txn-000349,20250813,222656,customer-124,shop-030,2,8.00,Credit Card,8,0,2025-08-13T22:26:56Z
350,txn-000350,20251012,104608,customer-148,shop-024,3,8.25,Debit Card,7,0,2025-10-12T10:46:08Z
351,txn-000351,20250907,144939,customer-039,shop-027,2,9.00,Cash,9,0,2025-09-07T14:49:39Z
352,txn-000352,20250808,122655,customer-193,shop-016,1,3.25,Debit Card,3,0,2025-08-08T12:26:55Z
353,txn-000353,20250824,13522,customer-021,shop-015,1,3.00,Cash,3,0,2025-08-24T01:35:22Z
354,txn-000354,20250802,232418,customer-027,shop-013,1,3.00,Credit Card,3,0,2025-08-02T23:24:18Z
355,txn-000355,20250919,143046,customer-144,shop-007,3,16.50,Gift Card,17,12,2025-09-19T14:30:46Z
356,txn-000356,20250801,110709,customer-088,shop-012,1,5.50,Mobile Pay,5,0,2025-08-01T11:07:09Z
357,txn-000357,20251009,202344,customer-191,shop-024,1,3.75,Credit Card,4,0,2025-10-09T20:23:44Z
358,txn-000358,20250819,180450,customer-184,shop-011,1,3.25,Gift Card,3,0,2025-08-19T18:04:50Z
359,txn-000359,20250919,45155,customer-035,shop-016,2,13.70,Cash,14,0,2025-09-19T04:51:55Z
360,txn-000360,20250818,23804,customer-188,shop-027,2,6.50,Credit Card,6,0,2025-08-18T02:38:04Z
361,txn-000361,20250929,90329,customer-235,shop-023,1,2.75,Mobile Pay,2,0,2025-09-29T09:03:29Z
362,txn-000362,20251008,50905,customer-227,shop-024,2,8.70,Mobile Pay,8,0,2025-10-08T05:09:05Z
363,txn-000363,20250829,110557,customer-176,shop-012,3,13.00,Debit Card,13,0,2025-08-29T11:05:57Z
364,txn-000364,20251009,44228,customer-107,shop-022,1,6.75,Cash,6,6,2025-10-09T04:42:28Z
365,txn-000365,20250820,154823,customer-069,shop-025,2,8.70,Mobile Pay,7,0,2025-08-20T15:48:23Z
366,txn-000366,20250811,44744,customer-158,shop-028,2,11.45,Cash,11,0,2025-08-11T04:47:44Z
367,txn-000367,20250907,210404,customer-107,shop-026,4,14.00,Mobile Pay,14,0,2025-09-07T21:04:04Z
368,txn-000368,20250923,74220,customer-190,shop-020,1,4.50,Debit Card,4,0,2025-09-23T07:42:20Z
369,txn-000369,20250812,200652,customer-097,shop-002,1,3.50,Mobile Pay,3,0,2025-08-12T20:06:52Z
370,txn-000370,20251009,34145,customer-240,shop-005,3,11.75,Debit Card,11,0,2025-10-09T03:41:45Z
371,txn-000371,20250807,205145,customer-202,shop-017,1,6.95,Gift Card,7,0,2025-08-07T20:51:45Z
372,txn-000372,20250902,92627,customer-093,shop-010,1,5.95,Cash,6,0,2025-09-02T09:26:27Z
373,txn-000373,20251002,143503,customer-158,shop-030,4,21.20,Debit Card,20,0,2025-10-02T14:35:03Z
374,txn-000374,20250913,121322,customer-125,shop-002,1,3.75,Debit Card,4,0,2025-09-13T12:13:22Z
375,txn-000375,20250801,230453,customer-161,shop-003,3,18.25,Debit Card,19,0,2025-08-01T23:04:53Z
376,txn-000376,20250808,60310,customer-192,shop-022,1,2.75,Credit Card,2,0,2025-08-08T06:03:10Z
377,txn-000377,20250924,102549,customer-019,shop-019,1,4.95,Mobile Pay,4,0,2025-09-24T10:25:49Z
378,txn-000378,20250812,174020,customer-137,shop-001,1,3.25,Cash,2,0,2025-08-12T17:40:20Z
379,txn-000379,20250811,131849,customer-075,shop-026,2,8.70,Mobile Pay,8,0,2025-08-11T13:18:49Z
380,txn-000380,20251012,180345,customer-101,shop-026,3,12.75,Mobile Pay,12,0,2025-10-12T18:03:45Z
381,txn-000381,20250809,122135,customer-079,shop-007,1,2.25,Mobile Pay,2,0,2025-08-09T12:21:35Z
382,txn-000382,20250820,24846,customer-030,shop-006,2,10.20,Cash,9,0,2025-08-20T02:48:46Z
383,txn-000383,20250926,145309,customer-125,shop-011,2,9.20,Debit Card,9,0,2025-09-26T14:53:09Z
384,txn-000384,20250830,221631,customer-178,shop-019,1,2.75,Cash,2,0,2025-08-30T22:16:31Z
385,txn-000385,20251009,93239,customer-190,shop-021,2,7.00,Mobile Pay,6,6,2025-10-09T09:32:39Z
386,txn-000386,20250929,33241,customer-021,shop-027,3,13.75,Debit Card,14,0,2025-09-29T03:32:41Z
387,txn-000387,20251001,134747,customer-008,shop-027,2,6.50,Cash,6,0,2025-10-01T13:47:47Z
388,txn-000388,20250922,153219,customer-121,shop-021,2,6.50,Mobile Pay,6,0,2025-09-22T15:32:19Z
389,txn-000389,20250810,10022,customer-102,shop-012,2,6.50,Credit Card,7,0,2025-08-10T01:00:22Z
390,txn-000390,20250815,104006,customer-189,shop-024,1,2.50,Mobile Pay,2,2,2025-08-15T10:40:06Z
391,txn-000391,20250920,124536,customer-233,shop-026,1,3.50,Gift Card,3,3,2025-09-20T12:45:36Z
392,txn-000392,20251001,181905,customer-213,shop-009,1,3.25,Mobile Pay,3,0,2025-10-01T18:19:05Z
393,txn-000393,20250808,192228,customer-133,shop-009,1,5.50,Debit Card,5,0,2025-08-08T19:22:28Z
394,txn-000394,20250918,232153,customer-226,shop-005,1,3.25,Debit Card,3,0,2025-09-18T23:21:53Z
395,txn-000395,20250928,164832,customer-184,shop-027,1,2.75,Debit Card,2,0,2025-09-28T16:48:32Z
396,txn-000396,20250927,143833,customer-042,shop-021,1,4.95,Credit Card,4,0,2025-09-27T14:38:33Z
397,txn-000397,20250925,192902,customer-038,shop-002,4,20.15,Mobile Pay,22,0,2025-09-25T19:29:02Z
398,txn-000398,20250817,192657,customer-057,shop-027,1,3.25,Cash,3,0,2025-08-17T19:26:57Z
399,txn-000399,20251006,193235,customer-088,shop-030,1,4.95,Cash,4,0,2025-10-06T19:32:35Z
400,txn-000400,20250919,51434,customer-176,shop-014,1,3.50,Cash,3,0,2025-09-19T05:14:34Z
401,txn-000401,20251013,71047,customer-031,shop-003,3,16.20,Debit Card,17,0,2025-10-13T07:10:47Z
402,txn-000402,20250907,62043,customer-090,shop-019,1,4.25,Cash,4,0,2025-09-07T06:20:43Z
403,txn-000403,20250828,180333,customer-154,shop-029,1,4.00,Gift Card,3,0,2025-08-28T18:03:33Z
404,txn-000404,20250920,170758,customer-002,shop-013,2,10.00,Debit Card,9,0,2025-09-20T17:07:58Z
405,txn-000405,20250911,85811,customer-145,shop-012,3,19.20,Mobile Pay,18,0,2025-09-11T08:58:11Z
406,txn-000406,20250903,162430,customer-199,shop-023,2,9.20,Debit Card,9,0,2025-09-03T16:24:30Z
407,txn-000407,20250923,165608,customer-158,shop-023,2,6.00,Credit Card,5,0,2025-09-23T16:56:08Z
408,txn-000408,20250809,192257,customer-017,shop-009,1,5.25,Mobile Pay,5,0,2025-08-09T19:22:57Z
409,txn-000409,20250920,200151,customer-074,shop-023,4,15.20,Credit Card,13,0,2025-09-20T20:01:51Z
410,txn-000410,20250920,75558,customer-179,shop-008,2,9.75,Debit Card,9,0,2025-09-20T07:55:58Z
411,txn-000411,20251005,62532,customer-102,shop-013,1,3.75,Debit Card,3,0,2025-10-05T06:25:32Z
412,txn-000412,20250926,201951,customer-090,shop-012,2,8.75,Debit Card,8,0,2025-09-26T20:19:51Z
413,txn-000413,20250919,22808,customer-076,shop-011,3,12.45,Cash,13,0,2025-09-19T02:28:08Z
414,txn-000414,20250914,233323,customer-230,shop-019,1,4.50,Gift Card,4,0,2025-09-14T23:33:23Z
415,txn-000415,20250823,134633,customer-205,shop-011,2,8.00,Mobile Pay,7,7,2025-08-23T13:46:33Z
416,txn-000416,20250808,150935,customer-142,shop-030,1,5.25,Gift Card,5,0,2025-08-08T15:09:35Z
417,txn-000417,20250819,170720,customer-128,shop-024,3,10.75,Debit Card,10,0,2025-08-19T17:07:20Z
418,txn-000418,20250812,212013,customer-236,shop-003,2,9.75,Gift Card,10,0,2025-08-12T21:20:13Z
419,txn-000419,20250827,221027,customer-126,shop-006,1,3.25,Mobile Pay,3,0,2025-08-27T22:10:27Z
420,txn-000420,20250922,180450,customer-009,shop-017,2,7.50,Gift Card,6,0,2025-09-22T18:04:50Z
421,txn-000421,20250907,20752,customer-149,shop-004,2,7.20,Mobile Pay,7,0,2025-09-07T02:07:52Z
422,txn-000422,20250918,161306,customer-109,shop-007,1,6.95,Mobile Pay,7,0,2025-09-18T16:13:06Z
423,txn-000423,20251006,203125,customer-059,shop-027,2,13.00,Mobile Pay,13,0,2025-10-06T20:31:25Z
424,txn-000424,20250918,180850,customer-035,shop-029,1,2.75,Cash,2,0,2025-09-18T18:08:50Z
425,txn-000425,20250908,222037,customer-026,shop-023,2,6.50,Credit Card,5,0,2025-09-08T22:20:37Z
426,txn-000426,20250826,111821,customer-093,shop-012,4,17.25,Cash,17,0,2025-08-26T11:18:21Z
427,txn-000427,20250828,211111,customer-091,shop-011,1,3.50,Cash,3,0,2025-08-28T21:11:11Z
428,txn-000428,20250815,73115,customer-223,shop-006,1,3.25,Mobile Pay,3,3,2025-08-15T07:31:15Z
429,txn-000429,20250823,94710,customer-081,shop-011,3,12.45,Mobile Pay,12,0,2025-08-23T09:47:10Z
430,txn-000430,20250817,115246,customer-048,shop-028,2,7.00,Debit Card,7,0,2025-08-17T11:52:46Z
431,txn-000431,20250806,112520,customer-007,shop-025,2,8.75,Cash,9,0,2025-08-06T11:25:20Z
432,txn-000432,20250825,62832,customer-189,shop-010,1,3.25,Debit Card,3,0,2025-08-25T06:28:32Z
433,txn-000433,20250916,113115,customer-120,shop-028,1,4.95,Mobile Pay,5,0,2025-09-16T11:31:15Z
434,txn-000434,20251012,230525,customer-163,shop-029,2,10.50,Gift Card,10,0,2025-10-12T23:05:25Z
435,txn-000435,20250809,224033,customer-114,shop-010,1,3.75,Gift Card,3,0,2025-08-09T22:40:33Z
436,txn-000436,20250903,151835,customer-074,shop-016,2,5.75,Credit Card,5,0,2025-09-03T15:18:35Z
437,txn-000437,20250923,112537,customer-096,shop-007,1,4.25,Cash,4,0,2025-09-23T11:25:37Z
438,txn-000438,20250822,160103,customer-068,shop-003,1,3.25,Debit Card,3,0,2025-08-22T16:01:03Z
439,txn-000439,20250827,82402,customer-106,shop-007,1,5.75,Debit Card,5,0,2025-08-27T08:24:02Z
440,txn-000440,20250918,2601,customer-049,shop-011,1,4.50,Debit Card,4,0,2025-09-18T00:26:01Z
441,txn-000441,20251009,163138,customer-113,shop-024,1,3.50,Debit Card,3,0,2025-10-09T16:31:38Z
442,txn-000442,20250918,152046,customer-096,shop-015,1,3.50,Credit Card,3,0,2025-09-18T15:20:46Z
443,txn-000443,20250818,211002,customer-050,shop-029,2,9.90,Gift Card,10,0,2025-08-18T21:10:02Z
444,txn-000444,20251011,152534,customer-198,shop-004,1,3.75,Debit Card,3,0,2025-10-11T15:25:34Z
445,txn-000445,20250923,143650,customer-134,shop-004,5,24.00,Gift Card,22,0,2025-09-23T14:36:50Z
446,txn-000446,20250802,170637,customer-043,shop-026,2,8.50,Cash,8,0,2025-08-02T17:06:37Z
447,txn-000447,20251007,20612,customer-153,shop-005,1,2.50,Credit Card,2,0,2025-10-07T02:06:12Z
448,txn-000448,20251013,235412,customer-161,shop-002,4,19.35,Mobile Pay,20,0,2025-10-13T23:54:12Z
449,txn-000449,20250912,201720,customer-188,shop-007,2,8.50,Gift Card,8,0,2025-09-12T20:17:20Z
450,txn-000450,20250829,204405,customer-139,shop-023,1,5.25,Debit Card,5,0,2025-08-29T20:44:05Z
451,txn-000451,20250928,90131,customer-235,shop-028,1,4.25,Debit Card,4,0,2025-09-28T09:01:31Z
452,txn-000452,20250801,74038,customer-199,shop-021,2,9.50,Gift Card,10,0,2025-08-01T07:40:38Z
453,txn-000453,20250819,162540,customer-135,shop-022,1,3.75,Cash,3,3,2025-08-19T16:25:40Z
454,txn-000454,20250805,120030,customer-214,shop-005,1,2.50,Credit Card,2,0,2025-08-05T12:00:30Z
455,txn-000455,20251004,30403,customer-126,shop-017,1,5.50,Cash,5,0,2025-10-04T03:04:03Z
456,txn-000456,20250821,122342,customer-168,shop-016,3,16.25,Gift Card,17,17,2025-08-21T12:23:42Z
457,txn-000457,20250827,12343,customer-136,shop-002,2,10.50,Credit Card,10,0,2025-08-27T01:23:43Z
458,txn-000458,20251004,3759,customer-064,shop-019,1,5.25,Debit Card,5,0,2025-10-04T00:37:59Z
459,txn-000459,20251005,174053,customer-118,shop-023,2,7.25,Gift Card,7,0,2025-10-05T17:40:53Z
460,txn-000460,20250904,105828,customer-232,shop-011,2,10.00,Mobile Pay,9,0,2025-09-04T10:58:28Z
461,txn-000461,20251012,125935,customer-066,shop-012,5,19.00,Gift Card,20,0,2025-10-12T12:59:35Z
462,txn-000462,20250831,194651,customer-006,shop-025,3,11.75,Mobile Pay,11,0,2025-08-31T19:46:51Z
463,txn-000463,20250830,94519,customer-024,shop-019,3,9.00,Cash,8,0,2025-08-30T09:45:19Z
464,txn-000464,20250926,45018,customer-098,shop-003,2,14.50,Mobile Pay,13,0,2025-09-26T04:50:18Z
465,txn-000465,20251012,201303,customer-168,shop-028,2,11.45,Credit Card,10,0,2025-10-12T20:13:03Z
466,txn-000466,20250822,162940,customer-040,shop-002,3,7.75,Gift Card,7,0,2025-08-22T16:29:40Z
467,txn-000467,20250806,5411,customer-141,shop-013,1,7.75,Credit Card,7,0,2025-08-06T00:54:11Z
468,txn-000468,20250917,144755,customer-102,shop-021,1,2.25,Debit Card,2,0,2025-09-17T14:47:55Z
469,txn-000469,20251006,173318,customer-237,shop-019,2,12.75,Credit Card,11,0,2025-10-06T17:33:18Z
470,txn-000470,20250904,45353,customer-158,shop-027,1,3.75,Cash,3,0,2025-09-04T04:53:53Z
471,txn-000471,20250809,135743,customer-029,shop-024,3,11.50,Debit Card,10,0,2025-08-09T13:57:43Z
472,txn-000472,20250821,5329,customer-140,shop-017,1,4.95,Cash,4,0,2025-08-21T00:53:29Z
473,txn-000473,20251004,160759,customer-135,shop-002,1,5.25,Debit Card,4,0,2025-10-04T16:07:59Z
474,txn-000474,20250802,12512,customer-018,shop-013,2,11.25,Mobile Pay,12,0,2025-08-02T01:25:12Z
475,txn-000475,20251009,34141,customer-026,shop-029,2,9.00,Gift Card,9,9,2025-10-09T03:41:41Z
476,txn-000476,20250830,203157,customer-086,shop-016,1,5.50,Debit Card,5,0,2025-08-30T20:31:57Z
477,txn-000477,20250918,220002,customer-071,shop-026,3,14.00,Mobile Pay,14,14,2025-09-18T22:00:02Z
478,txn-000478,20250920,192137,customer-246,shop-022,1,3.25,Debit Card,3,0,2025-09-20T19:21:37Z
479,txn-000479,20250913,203824,customer-139,shop-005,1,3.75,Debit Card,3,0,2025-09-13T20:38:24Z
480,txn-000480,20250814,90940,customer-111,shop-030,4,13.75,Cash,14,0,2025-08-14T09:09:40Z
481,txn-000481,20250910,104700,customer-247,shop-014,2,6.75,Gift Card,7,0,2025-09-10T10:47:00Z
482,txn-000482,20250929,10938,customer-146,shop-020,1,3.50,Cash,3,3,2025-09-29T01:09:38Z
483,txn-000483,20250915,181753,customer-183,shop-021,2,4.75,Debit Card,5,5,2025-09-15T18:17:53Z
484,txn-000484,20250910,82744,customer-057,shop-024,3,12.95,Debit Card,13,0,2025-09-10T08:27:44Z
485,txn-000485,20250911,181637,customer-104,shop-025,2,9.70,Cash,9,0,2025-09-11T18:16:37Z
486,txn-000486,20251008,144204,customer-202,shop-002,1,3.75,Credit Card,3,0,2025-10-08T14:42:04Z
487,txn-000487,20250924,93214,customer-100,shop-017,2,8.50,Credit Card,8,0,2025-09-24T09:32:14Z
488,txn-000488,20250817,95630,customer-109,shop-010,2,9.90,Credit Card,9,0,2025-08-17T09:56:30Z
489,txn-000489,20251007,200348,customer-140,shop-005,1,3.00,Gift Card,3,0,2025-10-07T20:03:48Z
490,txn-000490,20250914,92919,customer-024,shop-009,2,9.50,Debit Card,9,0,2025-09-14T09:29:19Z
491,txn-000491,20250919,221609,customer-157,shop-006,1,3.95,Cash,4,0,2025-09-19T22:16:09Z
492,txn-000492,20250815,65734,customer-046,shop-025,1,3.75,Credit Card,3,0,2025-08-15T06:57:34Z
493,txn-000493,20250812,155514,customer-231,shop-005,2,6.75,Credit Card,6,0,2025-08-12T15:55:14Z
494,txn-000494,20250824,81748,customer-056,shop-019,1,3.50,Gift Card,3,0,2025-08-24T08:17:48Z
495,txn-000495,20250828,60300,customer-159,shop-021,1,3.50,Debit Card,3,0,2025-08-28T06:03:00Z
496,txn-000496,20251005,1252,customer-148,shop-027,1,3.75,Mobile Pay,4,0,2025-10-05T00:12:52Z
497,txn-000497,20250828,203916,customer-157,shop-022,2,9.00,Cash,9,0,2025-08-28T20:39:16Z
498,txn-000498,20250804,173048,customer-024,shop-025,1,6.95,Mobile Pay,7,7,2025-08-04T17:30:48Z
499,txn-000499,20250814,73051,customer-032,shop-023,1,2.25,Mobile Pay,2,2,2025-08-14T07:30:51Z
500,txn-000500,20250921,143205,customer-023,shop-016,3,14.25,Cash,14,0,2025-09-21T14:32:05Z
501,txn-000501,20250918,134915,customer-127,shop-026,1,3.75,Cash,3,0,2025-09-18T13:49:15Z
502,txn-000502,20250812,164712,customer-189,shop-028,3,15.25,Cash,14,0,2025-08-12T16:47:12Z
503,txn-000503,20250831,30943,customer-077,shop-017,2,7.70,Mobile Pay,6,0,2025-08-31T03:09:43Z
504,txn-000504,20250902,80919,customer-214,shop-011,4,16.65,Gift Card,16,0,2025-09-02T08:09:19Z
505,txn-000505,20250920,201119,customer-077,shop-019,1,3.00,Mobile Pay,2,0,2025-09-20T20:11:19Z
506,txn-000506,20250904,135614,customer-017,shop-005,1,6.95,Credit Card,6,0,2025-09-04T13:56:14Z
507,txn-000507,20250819,103728,customer-153,shop-004,2,10.00,Mobile Pay,10,0,2025-08-19T10:37:28Z
508,txn-000508,20250921,53421,customer-078,shop-006,3,13.50,Mobile Pay,12,0,2025-09-21T05:34:21Z
509,txn-000509,20250917,43416,customer-188,shop-028,2,9.20,Mobile Pay,8,0,2025-09-17T04:34:16Z
510,txn-000510,20250920,230906,customer-030,shop-001,2,6.50,Credit Card,6,0,2025-09-20T23:09:06Z
511,txn-000511,20250803,102258,customer-148,shop-025,1,4.50,Debit Card,4,0,2025-08-03T10:22:58Z
512,txn-000512,20250812,160846,customer-070,shop-005,1,3.25,Mobile Pay,3,0,2025-08-12T16:08:46Z
513,txn-000513,20250901,40725,customer-070,shop-005,1,3.25,Mobile Pay,3,0,2025-09-01T04:07:25Z
514,txn-000514,20250806,41202,customer-034,shop-001,1,3.75,Credit Card,3,0,2025-08-06T04:12:02Z
515,txn-000515,20250927,191319,customer-162,shop-027,3,9.25,Gift Card,8,0,2025-09-27T19:13:19Z
516,txn-000516,20251014,111449,customer-120,shop-019,2,10.00,Credit Card,9,0,2025-10-14T11:14:49Z
517,txn-000517,20250822,232843,customer-037,shop-028,3,12.95,Mobile Pay,12,0,2025-08-22T23:28:43Z
518,txn-000518,20251014,192600,customer-090,shop-020,1,6.95,Debit Card,6,0,2025-10-14T19:26:00Z
519,txn-000519,20250830,135910,customer-137,shop-015,1,2.25,Cash,2,0,2025-08-30T13:59:10Z
520,txn-000520,20250903,75517,customer-054,shop-027,1,7.75,Cash,7,0,2025-09-03T07:55:17Z
521,txn-000521,20251004,135954,customer-172,shop-003,2,9.00,Cash,8,0,2025-10-04T13:59:54Z
522,txn-000522,20250909,153404,customer-018,shop-020,2,9.70,Cash,10,0,2025-09-09T15:34:04Z
523,txn-000523,20251013,131502,customer-163,shop-026,2,10.20,Debit Card,9,0,2025-10-13T13:15:02Z
524,txn-000524,20250830,82602,customer-146,shop-026,4,20.75,Mobile Pay,18,0,2025-08-30T08:26:02Z
525,txn-000525,20250806,94744,customer-001,shop-023,1,3.75,Mobile Pay,3,0,2025-08-06T09:47:44Z
526,txn-000526,20250901,31725,customer-183,shop-013,1,5.25,Gift Card,4,0,2025-09-01T03:17:25Z
527,txn-000527,20250905,53153,customer-216,shop-014,3,9.25,Mobile Pay,10,9,2025-09-05T05:31:53Z
528,txn-000528,20251002,143203,customer-207,shop-014,3,10.70,Cash,10,0,2025-10-02T14:32:03Z
529,txn-000529,20251011,50905,customer-061,shop-023,1,5.95,Mobile Pay,6,0,2025-10-11T05:09:05Z
530,txn-000530,20251008,162943,customer-095,shop-004,3,11.25,Gift Card,11,0,2025-10-08T16:29:43Z
531,txn-000531,20251005,41325,customer-020,shop-022,2,7.50,Cash,7,0,2025-10-05T04:13:25Z
532,txn-000532,20251011,115442,customer-085,shop-014,2,10.50,Mobile Pay,11,0,2025-10-11T11:54:42Z
533,txn-000533,20250924,233150,customer-067,shop-002,1,3.25,Gift Card,3,0,2025-09-24T23:31:50Z
534,txn-000534,20250803,213632,customer-074,shop-016,1,3.25,Debit Card,3,0,2025-08-03T21:36:32Z
535,txn-000535,20250802,150543,customer-190,shop-004,3,13.95,Debit Card,14,0,2025-08-02T15:05:43Z
536,txn-000536,20250809,104010,customer-248,shop-005,2,13.70,Debit Card,12,0,2025-08-09T10:40:10Z
537,txn-000537,20250903,180504,customer-014,shop-021,1,4.25,Credit Card,4,0,2025-09-03T18:05:04Z
538,txn-000538,20250921,225148,customer-060,shop-013,2,9.90,Gift Card,8,0,2025-09-21T22:51:48Z
539,txn-000539,20250913,194940,customer-098,shop-022,2,10.20,Cash,10,0,2025-09-13T19:49:40Z
540,txn-000540,20250827,115419,customer-069,shop-026,2,11.90,Mobile Pay,12,0,2025-08-27T11:54:19Z
541,txn-000541,20251006,11151,customer-177,shop-006,1,3.00,Cash,2,2,2025-10-06T01:11:51Z
542,txn-000542,20250904,90533,customer-057,shop-024,1,4.00,Mobile Pay,4,0,2025-09-04T09:05:33Z
543,txn-000543,20250822,71417,customer-244,shop-020,2,11.00,Credit Card,11,0,2025-08-22T07:14:17Z
544,txn-000544,20250819,43231,customer-230,shop-004,2,9.90,Debit Card,10,0,2025-08-19T04:32:31Z
545,txn-000545,20250828,20113,customer-197,shop-014,1,4.50,Mobile Pay,4,0,2025-08-28T02:01:13Z
546,txn-000546,20250807,15648,customer-067,shop-027,1,2.50,Debit Card,2,0,2025-08-07T01:56:48Z
547,txn-000547,20250815,51450,customer-139,shop-025,2,9.25,Debit Card,9,0,2025-08-15T05:14:50Z
548,txn-000548,20250913,125849,customer-005,shop-029,2,7.75,Debit Card,8,0,2025-09-13T12:58:49Z
549,txn-000549,20250920,65545,customer-182,shop-025,1,5.25,Gift Card,5,0,2025-09-20T06:55:45Z
550,txn-000550,20250917,11745,customer-032,shop-019,1,3.75,Mobile Pay,4,0,2025-09-17T01:17:45Z
551,txn-000551,20250905,172022,customer-137,shop-028,2,8.25,Credit Card,7,0,2025-09-05T17:20:22Z
552,txn-000552,20250811,144715,customer-162,shop-023,1,4.95,Gift Card,4,4,2025-08-11T14:47:15Z
553,txn-000553,20250824,94238,customer-126,shop-013,3,10.50,Cash,9,0,2025-08-24T09:42:38Z
554,txn-000554,20250805,94554,customer-104,shop-004,1,4.50,Cash,4,4,2025-08-05T09:45:54Z
555,txn-000555,20250917,171226,customer-168,shop-001,1,3.50,Cash,3,0,2025-09-17T17:12:26Z
556,txn-000556,20250810,164226,customer-117,shop-020,1,4.25,Cash,4,0,2025-08-10T16:42:26Z
557,txn-000557,20250820,221117,customer-110,shop-011,1,3.25,Gift Card,3,0,2025-08-20T22:11:17Z
558,txn-000558,20251014,104648,customer-012,shop-019,1,3.25,Mobile Pay,3,0,2025-10-14T10:46:48Z
559,txn-000559,20250817,62931,customer-113,shop-008,1,2.75,Credit Card,2,0,2025-08-17T06:29:31Z
560,txn-000560,20250801,204744,customer-002,shop-006,2,10.25,Cash,10,0,2025-08-01T20:47:44Z
561,txn-000561,20250818,44342,customer-157,shop-023,2,7.00,Cash,7,0,2025-08-18T04:43:42Z
562,txn-000562,20250904,3327,customer-108,shop-001,1,2.25,Debit Card,2,0,2025-09-04T00:33:27Z
563,txn-000563,20250919,123920,customer-057,shop-015,1,3.75,Debit Card,3,0,2025-09-19T12:39:20Z
564,txn-000564,20250916,72743,customer-128,shop-006,1,5.50,Credit Card,5,0,2025-09-16T07:27:43Z
565,txn-000565,20251013,211307,customer-117,shop-002,4,12.45,Credit Card,12,0,2025-10-13T21:13:07Z
566,txn-000566,20251012,185017,customer-174,shop-029,3,12.65,Debit Card,12,0,2025-10-12T18:50:17Z
567,txn-000567,20250915,232912,customer-150,shop-016,1,2.75,Gift Card,2,0,2025-09-15T23:29:12Z
568,txn-000568,20250820,22449,customer-162,shop-012,1,5.25,Debit Card,5,5,2025-08-20T02:24:49Z
569,txn-000569,20250914,183358,customer-108,shop-006,3,9.75,Debit Card,9,0,2025-09-14T18:33:58Z
570,txn-000570,20250910,51917,customer-220,shop-017,1,4.25,Debit Card,4,0,2025-09-10T05:19:17Z
571,txn-000571,20250825,72920,customer-084,shop-014,5,19.25,Debit Card,17,0,2025-08-25T07:29:20Z
572,txn-000572,20251014,205857,customer-130,shop-002,1,4.95,Cash,4,0,2025-10-14T20:58:57Z
573,txn-000573,20251007,131046,customer-188,shop-014,3,17.25,Debit Card,15,0,2025-10-07T13:10:46Z
574,txn-000574,20250816,230140,customer-181,shop-015,1,4.25,Cash,4,0,2025-08-16T23:01:40Z
575,txn-000575,20250906,50832,customer-161,shop-015,2,12.20,Credit Card,12,0,2025-09-06T05:08:32Z
576,txn-000576,20250929,171352,customer-139,shop-019,3,10.75,Credit Card,9,0,2025-09-29T17:13:52Z
577,txn-000577,20250915,102102,customer-159,shop-002,1,5.95,Mobile Pay,6,0,2025-09-15T10:21:02Z
578,txn-000578,20250902,182633,customer-062,shop-018,2,7.75,Gift Card,7,0,2025-09-02T18:26:33Z
579,txn-000579,20250828,34743,customer-014,shop-003,2,6.50,Mobile Pay,6,0,2025-08-28T03:47:43Z
580,txn-000580,20250921,233835,customer-231,shop-010,2,7.50,Cash,7,7,2025-09-21T23:38:35Z
581,txn-000581,20250829,55725,customer-246,shop-003,1,4.25,Debit Card,3,0,2025-08-29T05:57:25Z
582,txn-000582,20250803,105219,customer-076,shop-014,3,15.25,Cash,16,0,2025-08-03T10:52:19Z
583,txn-000583,20250920,164812,customer-166,shop-011,1,2.75,Cash,2,0,2025-09-20T16:48:12Z
584,txn-000584,20250913,113120,customer-118,shop-010,4,15.60,Debit Card,16,16,2025-09-13T11:31:20Z
585,txn-000585,20250828,203929,customer-117,shop-006,4,16.50,Debit Card,17,0,2025-08-28T20:39:29Z
586,txn-000586,20250812,142613,customer-011,shop-011,1,5.50,Debit Card,5,0,2025-08-12T14:26:13Z
587,txn-000587,20250903,151317,customer-038,shop-012,4,18.15,Cash,16,0,2025-09-03T15:13:17Z
588,txn-000588,20250923,63641,customer-250,shop-017,1,3.75,Mobile Pay,3,0,2025-09-23T06:36:41Z
589,txn-000589,20250913,41050,customer-087,shop-023,4,21.10,Gift Card,20,0,2025-09-13T04:10:50Z
590,txn-000590,20250820,44354,customer-150,shop-017,2,10.50,Mobile Pay,10,0,2025-08-20T04:43:54Z
591,txn-000591,20250919,223304,customer-101,shop-007,2,7.00,Mobile Pay,6,0,2025-09-19T22:33:04Z
592,txn-000592,20250802,102423,customer-073,shop-012,6,32.15,Mobile Pay,34,0,2025-08-02T10:24:23Z
593,txn-000593,20250911,93602,customer-187,shop-029,4,15.75,Debit Card,15,0,2025-09-11T09:36:02Z
594,txn-000594,20250927,142253,customer-194,shop-013,1,3.25,Credit Card,3,0,2025-09-27T14:22:53Z
595,txn-000595,20250814,130347,customer-052,shop-006,2,9.00,Mobile Pay,8,0,2025-08-14T13:03:47Z
596,txn-000596,20250915,55515,customer-058,shop-001,1,2.50,Debit Card,2,0,2025-09-15T05:55:15Z
597,txn-000597,20250918,1043,customer-233,shop-023,3,9.75,Debit Card,8,0,2025-09-18T00:10:43Z
598,txn-000598,20250926,155852,customer-124,shop-019,2,8.75,Mobile Pay,8,0,2025-09-26T15:58:52Z
599,txn-000599,20250815,103127,customer-082,shop-015,1,4.50,Debit Card,4,0,2025-08-15T10:31:27Z
600,txn-000600,20250805,233050,customer-075,shop-010,1,3.25,Credit Card,3,0,2025-08-05T23:30:50Z
601,txn-000601,20250831,224925,customer-212,shop-028,1,5.50,Mobile Pay,5,5,2025-08-31T22:49:25Z
602,txn-000602,20250920,132531,customer-073,shop-012,1,3.25,Gift Card,3,0,2025-09-20T13:25:31Z
603,txn-000603,20250924,114539,customer-158,shop-023,4,23.40,Cash,25,0,2025-09-24T11:45:39Z
604,txn-000604,20250831,120107,customer-177,shop-012,2,5.50,Gift Card,5,0,2025-08-31T12:01:07Z
605,txn-000605,20251007,154222,customer-037,shop-023,1,3.50,Mobile Pay,3,3,2025-10-07T15:42:22Z
606,txn-000606,20251015,110950,customer-124,shop-025,1,5.25,Credit Card,4,4,2025-10-15T11:09:50Z
607,txn-000607,20250805,105111,customer-017,shop-010,3,15.25,Credit Card,13,13,2025-08-05T10:51:11Z
608,txn-000608,20250926,125506,customer-090,shop-012,3,11.75,Cash,12,0,2025-09-26T12:55:06Z
609,txn-000609,20251009,175743,customer-050,shop-010,2,8.50,Cash,9,0,2025-10-09T17:57:43Z
610,txn-000610,20251008,4603,customer-151,shop-006,1,5.50,Credit Card,5,0,2025-10-08T00:46:03Z
611,txn-000611,20251014,41245,customer-081,shop-004,1,3.00,Credit Card,3,3,2025-10-14T04:12:45Z
612,txn-000612,20250918,42603,customer-030,shop-013,4,16.50,Gift Card,16,0,2025-09-18T04:26:03Z
613,txn-000613,20250916,102426,customer-241,shop-022,1,3.50,Debit Card,3,0,2025-09-16T10:24:26Z
614,txn-000614,20250809,120441,customer-031,shop-005,2,7.50,Gift Card,7,0,2025-08-09T12:04:41Z
615,txn-000615,20250813,40323,customer-060,shop-027,1,3.25,Gift Card,3,0,2025-08-13T04:03:23Z
616,txn-000616,20250909,23658,customer-092,shop-016,3,8.00,Cash,8,8,2025-09-09T02:36:58Z
617,txn-000617,20251011,211141,customer-014,shop-027,2,11.45,Gift Card,11,0,2025-10-11T21:11:41Z
618,txn-000618,20251004,102546,customer-193,shop-017,1,3.00,Gift Card,3,0,2025-10-04T10:25:46Z
619,txn-000619,20250922,173125,customer-140,shop-001,2,11.90,Gift Card,10,0,2025-09-22T17:31:25Z
620,txn-000620,20251004,63220,customer-221,shop-025,1,4.25,Debit Card,4,4,2025-10-04T06:32:20Z
621,txn-000621,20251004,80540,customer-142,shop-022,1,4.50,Cash,4,0,2025-10-04T08:05:40Z
622,txn-000622,20250906,221956,customer-158,shop-022,1,4.00,Mobile Pay,4,0,2025-09-06T22:19:56Z
623,txn-000623,20251012,70706,customer-150,shop-001,3,21.75,Mobile Pay,21,12,2025-10-12T07:07:06Z
624,txn-000624,20250825,65856,customer-061,shop-021,1,4.50,Cash,4,0,2025-08-25T06:58:56Z
625,txn-000625,20250804,210546,customer-118,shop-022,1,7.25,Cash,7,7,2025-08-04T21:05:46Z
626,txn-000626,20250906,221132,customer-147,shop-013,1,2.50,Cash,2,0,2025-09-06T22:11:32Z
627,txn-000627,20251014,122118,customer-171,shop-011,1,6.75,Cash,7,0,2025-10-14T12:21:18Z
628,txn-000628,20250922,63501,customer-055,shop-010,2,6.50,Credit Card,6,0,2025-09-22T06:35:01Z
629,txn-000629,20251009,222241,customer-217,shop-019,2,10.50,Cash,10,0,2025-10-09T22:22:41Z
630,txn-000630,20250808,163804,customer-167,shop-027,2,12.50,Cash,12,0,2025-08-08T16:38:04Z
631,txn-000631,20250923,95447,customer-047,shop-029,3,10.25,Cash,9,0,2025-09-23T09:54:47Z
632,txn-000632,20250929,214227,customer-219,shop-025,2,6.00,Cash,6,0,2025-09-29T21:42:27Z
633,txn-000633,20250912,123145,customer-106,shop-011,2,7.00,Debit Card,6,6,2025-09-12T12:31:45Z
634,txn-000634,20250803,223319,customer-063,shop-026,1,7.25,Gift Card,6,0,2025-08-03T22:33:19Z
635,txn-000635,20250814,115423,customer-008,shop-009,1,5.25,Cash,4,0,2025-08-14T11:54:23Z
636,txn-000636,20250809,93412,customer-081,shop-020,5,29.25,Credit Card,30,0,2025-08-09T09:34:12Z
637,txn-000637,20250920,221457,customer-171,shop-027,1,3.75,Cash,3,0,2025-09-20T22:14:57Z
638,txn-000638,20250926,233443,customer-189,shop-013,4,17.90,Debit Card,16,0,2025-09-26T23:34:43Z
639,txn-000639,20251008,41338,customer-243,shop-004,2,9.90,Cash,10,0,2025-10-08T04:13:38Z
640,txn-000640,20251009,173805,customer-095,shop-027,2,7.00,Credit Card,7,0,2025-10-09T17:38:05Z
641,txn-000641,20250923,215657,customer-099,shop-010,4,20.40,Mobile Pay,22,0,2025-09-23T21:56:57Z
642,txn-000642,20250830,30244,customer-054,shop-028,3,19.00,Gift Card,18,0,2025-08-30T03:02:44Z
643,txn-000643,20251009,213750,customer-109,shop-029,3,13.25,Debit Card,13,0,2025-10-09T21:37:50Z
644,txn-000644,20250803,214355,customer-196,shop-002,2,7.75,Debit Card,7,0,2025-08-03T21:43:55Z
645,txn-000645,20250920,91311,customer-183,shop-025,2,10.00,Debit Card,9,0,2025-09-20T09:13:11Z
646,txn-000646,20250902,11903,customer-205,shop-010,2,7.90,Credit Card,8,0,2025-09-02T01:19:03Z
647,txn-000647,20250823,10534,customer-006,shop-001,2,7.25,Cash,7,0,2025-08-23T01:05:34Z
648,txn-000648,20250815,174649,customer-023,shop-012,1,2.75,Cash,2,0,2025-08-15T17:46:49Z
649,txn-000649,20250918,52702,customer-031,shop-008,1,3.25,Debit Card,3,0,2025-09-18T05:27:02Z
650,txn-000650,20250821,72536,customer-154,shop-007,1,6.75,Debit Card,7,0,2025-08-21T07:25:36Z
651,txn-000651,20250914,5106,customer-233,shop-008,4,17.00,Cash,16,0,2025-09-14T00:51:06Z
652,txn-000652,20250907,113633,customer-182,shop-014,1,5.75,Cash,5,0,2025-09-07T11:36:33Z
653,txn-000653,20250904,153457,customer-156,shop-022,1,3.25,Credit Card,3,0,2025-09-04T15:34:57Z
654,txn-000654,20250814,20814,customer-248,shop-029,1,3.25,Credit Card,3,0,2025-08-14T02:08:14Z
655,txn-000655,20250814,12341,customer-023,shop-011,1,3.25,Cash,3,0,2025-08-14T01:23:41Z
656,txn-000656,20250828,124644,customer-192,shop-012,3,8.25,Mobile Pay,7,0,2025-08-28T12:46:44Z
657,txn-000657,20251004,15354,customer-163,shop-026,1,3.75,Credit Card,3,0,2025-10-04T01:53:54Z
658,txn-000658,20250915,142954,customer-112,shop-004,1,5.25,Credit Card,4,0,2025-09-15T14:29:54Z
659,txn-000659,20250815,145924,customer-032,shop-012,2,7.25,Debit Card,7,0,2025-08-15T14:59:24Z
660,txn-000660,20250801,153649,customer-135,shop-025,1,3.75,Debit Card,3,0,2025-08-01T15:36:49Z
661,txn-000661,20250803,182946,customer-073,shop-022,2,6.50,Credit Card,6,6,2025-08-03T18:29:46Z
662,txn-000662,20250914,80133,customer-161,shop-009,1,5.25,Credit Card,5,0,2025-09-14T08:01:33Z
663,txn-000663,20251011,130518,customer-233,shop-026,1,5.25,Debit Card,5,0,2025-10-11T13:05:18Z
664,txn-000664,20250923,85759,customer-244,shop-020,2,6.50,Credit Card,6,6,2025-09-23T08:57:59Z
665,txn-000665,20250817,14045,customer-100,shop-025,2,9.20,Mobile Pay,9,0,2025-08-17T01:40:45Z
666,txn-000666,20250928,201719,customer-034,shop-012,2,7.25,Credit Card,7,0,2025-09-28T20:17:19Z
667,txn-000667,20251013,164503,customer-109,shop-026,1,6.75,Cash,6,0,2025-10-13T16:45:03Z
668,txn-000668,20250823,2939,customer-166,shop-022,4,11.75,Debit Card,12,0,2025-08-23T00:29:39Z
669,txn-000669,20250830,100010,customer-216,shop-008,1,5.25,Gift Card,4,4,2025-08-30T10:00:10Z
670,txn-000670,20250910,82417,customer-025,shop-015,2,8.75,Cash,9,0,2025-09-10T08:24:17Z
671,txn-000671,20250818,223432,customer-216,shop-013,1,3.75,Credit Card,3,0,2025-08-18T22:34:32Z
672,txn-000672,20250930,193500,customer-207,shop-009,3,15.75,Debit Card,14,0,2025-09-30T19:35:00Z
673,txn-000673,20250912,84929,customer-137,shop-001,1,4.50,Gift Card,4,0,2025-09-12T08:49:29Z
674,txn-000674,20251012,121314,customer-155,shop-024,2,8.75,Mobile Pay,9,9,2025-10-12T12:13:14Z
675,txn-000675,20250802,141959,customer-049,shop-004,2,7.75,Debit Card,7,0,2025-08-02T14:19:59Z
676,txn-000676,20250819,185146,customer-023,shop-010,1,3.00,Debit Card,2,0,2025-08-19T18:51:46Z
677,txn-000677,20250917,81427,customer-121,shop-001,2,7.50,Cash,7,0,2025-09-17T08:14:27Z
678,txn-000678,20250811,51324,customer-162,shop-028,3,12.20,Gift Card,13,0,2025-08-11T05:13:24Z
679,txn-000679,20250917,145334,customer-060,shop-023,1,3.25,Cash,3,0,2025-09-17T14:53:34Z
680,txn-000680,20250916,45726,customer-030,shop-016,1,6.75,Mobile Pay,7,0,2025-09-16T04:57:26Z
681,txn-000681,20250912,185218,customer-060,shop-017,4,16.20,Cash,15,0,2025-09-12T18:52:18Z
682,txn-000682,20250816,233250,customer-160,shop-007,2,7.45,Credit Card,7,0,2025-08-16T23:32:50Z
683,txn-000683,20250830,173336,customer-061,shop-007,3,11.00,Credit Card,10,0,2025-08-30T17:33:36Z
684,txn-000684,20250924,193042,customer-058,shop-016,4,20.90,Mobile Pay,21,6,2025-09-24T19:30:42Z
685,txn-000685,20250912,181236,customer-205,shop-015,2,7.50,Credit Card,6,0,2025-09-12T18:12:36Z
686,txn-000686,20250905,84043,customer-041,shop-024,3,12.40,Gift Card,11,0,2025-09-05T08:40:43Z
687,txn-000687,20250910,144602,customer-197,shop-025,2,5.75,Debit Card,5,0,2025-09-10T14:46:02Z
688,txn-000688,20251001,84208,customer-171,shop-008,2,8.50,Cash,8,0,2025-10-01T08:42:08Z
689,txn-000689,20250914,185819,customer-244,shop-028,4,16.90,Mobile Pay,17,0,2025-09-14T18:58:19Z
690,txn-000690,20250908,102236,customer-195,shop-002,3,11.50,Debit Card,11,0,2025-09-08T10:22:36Z
691,txn-000691,20250828,95610,customer-231,shop-017,2,10.20,Debit Card,10,0,2025-08-28T09:56:10Z
692,txn-000692,20251003,54248,customer-104,shop-025,1,5.25,Mobile Pay,5,0,2025-10-03T05:42:48Z
693,txn-000693,20250920,184656,customer-139,shop-010,1,3.75,Credit Card,3,3,2025-09-20T18:46:56Z
694,txn-000694,20250927,183800,customer-067,shop-008,4,20.45,Gift Card,20,0,2025-09-27T18:38:00Z
695,txn-000695,20250801,180853,customer-117,shop-011,1,5.95,Cash,5,0,2025-08-01T18:08:53Z
696,txn-000696,20251009,154353,customer-147,shop-022,1,4.25,Gift Card,4,0,2025-10-09T15:43:53Z
697,txn-000697,20250905,74851,customer-117,shop-004,2,6.00,Gift Card,5,0,2025-09-05T07:48:51Z
698,txn-000698,20250921,81551,customer-104,shop-019,2,6.50,Cash,7,0,2025-09-21T08:15:51Z
699,txn-000699,20250910,172958,customer-211,shop-006,2,7.00,Cash,7,0,2025-09-10T17:29:58Z
700,txn-000700,20251007,161402,customer-055,shop-015,2,10.00,Credit Card,9,0,2025-10-07T16:14:02Z
701,txn-000701,20250921,935,customer-040,shop-004,3,9.00,Mobile Pay,9,0,2025-09-21T00:09:35Z
702,txn-000702,20250822,42028,customer-047,shop-027,1,5.25,Gift Card,4,0,2025-08-22T04:20:28Z
703,txn-000703,20250831,73927,customer-145,shop-015,1,2.25,Gift Card,2,0,2025-08-31T07:39:27Z
704,txn-000704,20250913,222441,customer-171,shop-015,1,3.25,Mobile Pay,3,0,2025-09-13T22:24:41Z
705,txn-000705,20250903,35520,customer-139,shop-002,2,9.75,Gift Card,10,0,2025-09-03T03:55:20Z
706,txn-000706,20250813,62555,customer-165,shop-018,3,12.95,Debit Card,14,0,2025-08-13T06:25:55Z
707,txn-000707,20250803,21241,customer-071,shop-026,3,11.45,Debit Card,11,0,2025-08-03T02:12:41Z
708,txn-000708,20250803,121226,customer-088,shop-014,1,2.75,Gift Card,2,0,2025-08-03T12:12:26Z
709,txn-000709,20250922,202613,customer-044,shop-010,1,3.75,Debit Card,3,0,2025-09-22T20:26:13Z
710,txn-000710,20250929,214953,customer-247,shop-011,3,17.65,Credit Card,16,0,2025-09-29T21:49:53Z
711,txn-000711,20250812,235218,customer-014,shop-007,1,3.50,Cash,3,3,2025-08-12T23:52:18Z
712,txn-000712,20250901,34639,customer-119,shop-018,1,7.75,Credit Card,8,0,2025-09-01T03:46:39Z
713,txn-000713,20250927,35252,customer-173,shop-004,3,12.45,Cash,12,0,2025-09-27T03:52:52Z
714,txn-000714,20250815,14421,customer-096,shop-018,1,7.75,Debit Card,6,0,2025-08-15T01:44:21Z
715,txn-000715,20250930,122419,customer-075,shop-021,1,3.00,Credit Card,3,0,2025-09-30T12:24:19Z
716,txn-000716,20250904,85147,customer-216,shop-021,2,9.00,Cash,8,0,2025-09-04T08:51:47Z
717,txn-000717,20250814,192431,customer-186,shop-018,2,5.50,Gift Card,5,0,2025-08-14T19:24:31Z
718,txn-000718,20251013,75414,customer-182,shop-015,2,6.00,Debit Card,6,5,2025-10-13T07:54:14Z
719,txn-000719,20250929,83433,customer-122,shop-001,1,3.00,Debit Card,3,0,2025-09-29T08:34:33Z
720,txn-000720,20250808,183831,customer-138,shop-001,3,19.40,Gift Card,20,0,2025-08-08T18:38:31Z
721,txn-000721,20250813,84315,customer-119,shop-012,1,3.50,Gift Card,3,0,2025-08-13T08:43:15Z
722,txn-000722,20250929,192530,customer-161,shop-010,1,3.00,Debit Card,2,0,2025-09-29T19:25:30Z
723,txn-000723,20250929,20842,customer-054,shop-001,1,3.25,Gift Card,3,0,2025-09-29T02:08:42Z
724,txn-000724,20251011,233347,customer-145,shop-022,1,5.25,Cash,4,0,2025-10-11T23:33:47Z
725,txn-000725,20250925,135815,customer-220,shop-008,1,4.00,Mobile Pay,4,0,2025-09-25T13:58:15Z
726,txn-000726,20250914,74328,customer-001,shop-014,2,10.50,Credit Card,10,0,2025-09-14T07:43:28Z
727,txn-000727,20250805,111648,customer-227,shop-024,1,7.75,Credit Card,6,0,2025-08-05T11:16:48Z
728,txn-000728,20250809,43742,customer-226,shop-019,3,17.00,Debit Card,16,0,2025-08-09T04:37:42Z
729,txn-000729,20250927,184148,customer-205,shop-021,2,5.00,Mobile Pay,5,0,2025-09-27T18:41:48Z
730,txn-000730,20250920,165550,customer-204,shop-008,3,12.75,Cash,12,0,2025-09-20T16:55:50Z
731,txn-000731,20251007,133916,customer-017,shop-026,3,12.45,Credit Card,11,0,2025-10-07T13:39:16Z
732,txn-000732,20250810,131802,customer-159,shop-025,3,9.75,Debit Card,9,0,2025-08-10T13:18:02Z
733,txn-000733,20251005,204020,customer-201,shop-001,1,3.75,Cash,3,3,2025-10-05T20:40:20Z
734,txn-000734,20250925,214051,customer-033,shop-021,1,3.50,Mobile Pay,3,3,2025-09-25T21:40:51Z
735,txn-000735,20250807,25716,customer-033,shop-010,1,5.50,Gift Card,5,5,2025-08-07T02:57:16Z
736,txn-000736,20250831,51548,customer-155,shop-011,4,13.00,Mobile Pay,14,0,2025-08-31T05:15:48Z
737,txn-000737,20250820,185821,customer-202,shop-003,2,7.70,Debit Card,7,0,2025-08-20T18:58:21Z
738,txn-000738,20250914,83602,customer-225,shop-026,1,4.00,Gift Card,3,0,2025-09-14T08:36:02Z
739,txn-000739,20250824,105717,customer-124,shop-024,1,3.25,Gift Card,2,2,2025-08-24T10:57:17Z
740,txn-000740,20250815,14914,customer-075,shop-015,3,12.75,Cash,12,0,2025-08-15T01:49:14Z
741,txn-000741,20250818,140154,customer-051,shop-001,3,14.45,Mobile Pay,13,0,2025-08-18T14:01:54Z
742,txn-000742,20251004,100144,customer-044,shop-017,3,11.75,Gift Card,11,0,2025-10-04T10:01:44Z
743,txn-000743,20250906,140441,customer-082,shop-020,3,10.25,Debit Card,9,9,2025-09-06T14:04:41Z
744,txn-000744,20250926,230036,customer-227,shop-016,2,7.50,Credit Card,7,0,2025-09-26T23:00:36Z
745,txn-000745,20250818,150548,customer-083,shop-023,3,9.50,Cash,9,9,2025-08-18T15:05:48Z
746,txn-000746,20250820,230131,customer-116,shop-028,1,7.25,Gift Card,7,0,2025-08-20T23:01:31Z
747,txn-000747,20250923,165244,customer-022,shop-005,1,5.50,Mobile Pay,5,0,2025-09-23T16:52:44Z
748,txn-000748,20250911,145325,customer-116,shop-015,1,3.00,Gift Card,2,0,2025-09-11T14:53:25Z
749,txn-000749,20250827,5702,customer-166,shop-003,1,3.25,Credit Card,2,0,2025-08-27T00:57:02Z
750,txn-000750,20250823,84034,customer-026,shop-004,1,4.50,Mobile Pay,4,0,2025-08-23T08:40:34Z
751,txn-000751,20251014,204141,customer-175,shop-028,2,9.50,Debit Card,9,0,2025-10-14T20:41:41Z
752,txn-000752,20250909,152908,customer-211,shop-019,2,4.50,Credit Card,4,0,2025-09-09T15:29:08Z
753,txn-000753,20250821,150239,customer-122,shop-008,3,9.75,Cash,9,0,2025-08-21T15:02:39Z
754,txn-000754,20250910,191659,customer-054,shop-015,2,9.90,Cash,9,0,2025-09-10T19:16:59Z
755,txn-000755,20250918,183708,customer-208,shop-022,1,7.75,Mobile Pay,8,0,2025-09-18T18:37:08Z
756,txn-000756,20250830,81219,customer-084,shop-019,3,10.75,Cash,10,0,2025-08-30T08:12:19Z
757,txn-000757,20250907,63211,customer-053,shop-013,1,2.50,Cash,2,0,2025-09-07T06:32:11Z
758,txn-000758,20250830,195231,customer-024,shop-006,1,2.75,Cash,2,0,2025-08-30T19:52:31Z
759,txn-000759,20250907,171154,customer-073,shop-007,2,7.25,Mobile Pay,7,0,2025-09-07T17:11:54Z
760,txn-000760,20250816,115508,customer-029,shop-005,2,9.00,Gift Card,9,9,2025-08-16T11:55:08Z
761,txn-000761,20250831,74711,customer-111,shop-027,1,3.25,Gift Card,3,0,2025-08-31T07:47:11Z
762,txn-000762,20250827,234926,customer-052,shop-001,2,13.90,Gift Card,13,0,2025-08-27T23:49:26Z
763,txn-000763,20250917,220059,customer-118,shop-015,2,8.70,Credit Card,8,0,2025-09-17T22:00:59Z
764,txn-000764,20250818,60425,customer-107,shop-008,2,11.90,Cash,12,10,2025-08-18T06:04:25Z
765,txn-000765,20250827,195641,customer-226,shop-021,2,9.75,Mobile Pay,9,0,2025-08-27T19:56:41Z
766,txn-000766,20250919,51930,customer-197,shop-025,1,3.25,Gift Card,3,3,2025-09-19T05:19:30Z
767,txn-000767,20250907,60924,customer-088,shop-024,1,3.50,Debit Card,3,0,2025-09-07T06:09:24Z
768,txn-000768,20251012,223229,customer-119,shop-016,2,11.50,Credit Card,10,0,2025-10-12T22:32:29Z
769,txn-000769,20250816,220040,customer-044,shop-027,1,3.75,Cash,3,3,2025-08-16T22:00:40Z
770,txn-000770,20251006,2501,customer-070,shop-005,1,5.25,Mobile Pay,5,5,2025-10-06T00:25:01Z
771,txn-000771,20250921,2308,customer-165,shop-022,1,3.75,Credit Card,3,0,2025-09-21T00:23:08Z
772,txn-000772,20251014,173020,customer-052,shop-030,3,11.25,Mobile Pay,10,0,2025-10-14T17:30:20Z
773,txn-000773,20250810,150606,customer-205,shop-027,2,12.50,Debit Card,12,0,2025-08-10T15:06:06Z
774,txn-000774,20250922,201531,customer-102,shop-014,1,5.50,Debit Card,5,0,2025-09-22T20:15:31Z
775,txn-000775,20250908,5214,customer-055,shop-015,2,8.75,Credit Card,9,0,2025-09-08T00:52:14Z
776,txn-000776,20250811,31434,customer-183,shop-018,1,5.75,Debit Card,5,0,2025-08-11T03:14:34Z
777,txn-000777,20251015,33025,customer-178,shop-005,3,9.75,Debit Card,9,0,2025-10-15T03:30:25Z
778,txn-000778,20251012,63306,customer-060,shop-017,1,2.25,Credit Card,2,0,2025-10-12T06:33:06Z
779,txn-000779,20250930,100935,customer-021,shop-002,1,3.75,Mobile Pay,3,0,2025-09-30T10:09:35Z
780,txn-000780,20251010,160528,customer-154,shop-015,1,2.75,Mobile Pay,2,0,2025-10-10T16:05:28Z
781,txn-000781,20250910,124618,customer-166,shop-027,1,2.75,Credit Card,2,0,2025-09-10T12:46:18Z
782,txn-000782,20251004,193434,customer-064,shop-026,2,10.20,Debit Card,10,10,2025-10-04T19:34:34Z
783,txn-000783,20250806,72504,customer-163,shop-005,2,6.50,Debit Card,7,0,2025-08-06T07:25:04Z
784,txn-000784,20250808,200811,customer-110,shop-024,1,3.75,Mobile Pay,3,0,2025-08-08T20:08:11Z
785,txn-000785,20250926,50936,customer-115,shop-021,2,6.75,Mobile Pay,6,0,2025-09-26T05:09:36Z
786,txn-000786,20250912,75758,customer-195,shop-005,2,11.00,Credit Card,10,0,2025-09-12T07:57:58Z
787,txn-000787,20250830,224032,customer-117,shop-010,2,6.50,Cash,6,6,2025-08-30T22:40:32Z
788,txn-000788,20251011,35256,customer-186,shop-012,5,19.20,Gift Card,17,0,2025-10-11T03:52:56Z
789,txn-000789,20250817,1954,customer-050,shop-025,2,8.75,Mobile Pay,7,0,2025-08-17T00:19:54Z
790,txn-000790,20250911,100508,customer-189,shop-008,1,5.50,Gift Card,4,0,2025-09-11T10:05:08Z
791,txn-000791,20250815,143543,customer-067,shop-020,2,6.50,Debit Card,6,6,2025-08-15T14:35:43Z
792,txn-000792,20251002,193317,customer-183,shop-030,4,12.00,Gift Card,11,0,2025-10-02T19:33:17Z
793,txn-000793,20250922,2656,customer-169,shop-029,2,15.50,Cash,14,0,2025-09-22T00:26:56Z
794,txn-000794,20250903,162936,customer-209,shop-005,4,21.65,Debit Card,21,0,2025-09-03T16:29:36Z
795,txn-000795,20250912,21107,customer-044,shop-006,2,6.25,Debit Card,6,0,2025-09-12T02:11:07Z
796,txn-000796,20250806,232617,customer-192,shop-006,3,16.25,Mobile Pay,15,0,2025-08-06T23:26:17Z
797,txn-000797,20250916,153451,customer-125,shop-022,1,4.00,Credit Card,4,4,2025-09-16T15:34:51Z
798,txn-000798,20250801,225517,customer-097,shop-020,6,24.75,Mobile Pay,25,0,2025-08-01T22:55:17Z
799,txn-000799,20250806,192256,customer-250,shop-012,2,13.90,Credit Card,15,8,2025-08-06T19:22:56Z
800,txn-000800,20250921,182721,customer-072,shop-023,1,3.50,Mobile Pay,3,0,2025-09-21T18:27:21Z
801,txn-000801,20250901,124431,customer-005,shop-021,3,11.95,Credit Card,12,0,2025-09-01T12:44:31Z
802,txn-000802,20250916,112640,customer-169,shop-028,3,14.25,Credit Card,15,0,2025-09-16T11:26:40Z
803,txn-000803,20250804,75822,customer-033,shop-016,3,12.50,Mobile Pay,12,0,2025-08-04T07:58:22Z
804,txn-000804,20250817,190815,customer-193,shop-022,2,6.00,Credit Card,5,0,2025-08-17T19:08:15Z
805,txn-000805,20250828,111652,customer-057,shop-024,4,19.75,Gift Card,21,0,2025-08-28T11:16:52Z
806,txn-000806,20250928,134104,customer-017,shop-021,3,18.20,Gift Card,19,0,2025-09-28T13:41:04Z
807,txn-000807,20251012,130506,customer-242,shop-004,1,2.75,Mobile Pay,2,2,2025-10-12T13:05:06Z
808,txn-000808,20250819,162401,customer-217,shop-013,2,7.20,Mobile Pay,6,0,2025-08-19T16:24:01Z
809,txn-000809,20250831,220941,customer-038,shop-027,1,3.50,Debit Card,3,0,2025-08-31T22:09:41Z
810,txn-000810,20251008,120153,customer-009,shop-020,3,14.85,Mobile Pay,15,0,2025-10-08T12:01:53Z
811,txn-000811,20250822,43745,customer-127,shop-010,2,5.50,Gift Card,5,0,2025-08-22T04:37:45Z
812,txn-000812,20250823,22718,customer-180,shop-024,5,25.15,Debit Card,25,0,2025-08-23T02:27:18Z
813,txn-000813,20251006,13706,customer-122,shop-012,1,3.75,Gift Card,3,0,2025-10-06T01:37:06Z
814,txn-000814,20250908,113322,customer-025,shop-005,2,8.25,Cash,8,0,2025-09-08T11:33:22Z
815,txn-000815,20250815,72742,customer-054,shop-007,3,13.50,Debit Card,14,14,2025-08-15T07:27:42Z
816,txn-000816,20251006,51319,customer-216,shop-006,2,5.00,Credit Card,4,0,2025-10-06T05:13:19Z
817,txn-000817,20250903,24344,customer-152,shop-014,1,4.25,Gift Card,4,0,2025-09-03T02:43:44Z
818,txn-000818,20250817,235525,customer-168,shop-024,2,10.20,Credit Card,9,9,2025-08-17T23:55:25Z
819,txn-000819,20251005,42355,customer-233,shop-017,1,3.25,Credit Card,3,0,2025-10-05T04:23:55Z
820,txn-000820,20250818,195908,customer-099,shop-016,1,3.50,Gift Card,3,0,2025-08-18T19:59:08Z
821,txn-000821,20250922,102929,customer-048,shop-013,1,5.95,Credit Card,5,0,2025-09-22T10:29:29Z
822,txn-000822,20251009,130921,customer-210,shop-026,3,13.25,Credit Card,13,0,2025-10-09T13:09:21Z
823,txn-000823,20250813,44258,customer-011,shop-005,3,13.50,Debit Card,12,0,2025-08-13T04:42:58Z
824,txn-000824,20250923,23625,customer-044,shop-014,2,10.50,Credit Card,10,0,2025-09-23T02:36:25Z
825,txn-000825,20250814,195309,customer-148,shop-016,1,5.50,Mobile Pay,5,5,2025-08-14T19:53:09Z
826,txn-000826,20250824,62901,customer-010,shop-007,2,10.20,Mobile Pay,9,0,2025-08-24T06:29:01Z
827,txn-000827,20250808,111614,customer-141,shop-009,2,10.90,Gift Card,11,11,2025-08-08T11:16:14Z
828,txn-000828,20250808,22443,customer-162,shop-024,2,5.50,Debit Card,5,0,2025-08-08T02:24:43Z
829,txn-000829,20250928,203024,customer-064,shop-003,1,5.25,Credit Card,5,0,2025-09-28T20:30:24Z
830,txn-000830,20250902,150906,customer-200,shop-009,3,14.85,Debit Card,14,0,2025-09-02T15:09:06Z
831,txn-000831,20250813,54702,customer-045,shop-017,1,2.50,Mobile Pay,2,0,2025-08-13T05:47:02Z
832,txn-000832,20250923,191111,customer-070,shop-020,1,6.95,Credit Card,7,0,2025-09-23T19:11:11Z
833,txn-000833,20250921,205433,customer-142,shop-020,1,3.25,Gift Card,3,0,2025-09-21T20:54:33Z
834,txn-000834,20250815,22643,customer-097,shop-019,1,5.50,Mobile Pay,5,0,2025-08-15T02:26:43Z
835,txn-000835,20250914,164312,customer-047,shop-015,1,3.25,Gift Card,3,0,2025-09-14T16:43:12Z
836,txn-000836,20250823,110332,customer-079,shop-021,1,2.75,Mobile Pay,2,0,2025-08-23T11:03:32Z
837,txn-000837,20250810,81055,customer-043,shop-019,3,12.00,Credit Card,13,13,2025-08-10T08:10:55Z
838,txn-000838,20250920,60349,customer-176,shop-022,2,4.50,Credit Card,4,0,2025-09-20T06:03:49Z
839,txn-000839,20251008,110926,customer-137,shop-024,4,16.25,Debit Card,17,0,2025-10-08T11:09:26Z
840,txn-000840,20250806,43715,customer-109,shop-016,2,9.90,Debit Card,9,0,2025-08-06T04:37:15Z
841,txn-000841,20251014,155225,customer-220,shop-004,1,3.25,Mobile Pay,3,0,2025-10-14T15:52:25Z
842,txn-000842,20250830,201653,customer-238,shop-030,3,14.00,Cash,14,0,2025-08-30T20:16:53Z
843,txn-000843,20250904,143747,customer-028,shop-001,1,3.00,Debit Card,2,0,2025-09-04T14:37:47Z
844,txn-000844,20250816,41018,customer-106,shop-004,1,3.25,Credit Card,3,0,2025-08-16T04:10:18Z
845,txn-000845,20250818,223053,customer-138,shop-026,3,12.45,Credit Card,11,11,2025-08-18T22:30:53Z
846,txn-000846,20250911,30751,customer-191,shop-011,2,5.75,Debit Card,5,5,2025-09-11T03:07:51Z
847,txn-000847,20250918,232454,customer-186,shop-030,1,4.25,Gift Card,4,4,2025-09-18T23:24:54Z
848,txn-000848,20250806,71541,customer-174,shop-027,3,12.75,Gift Card,13,0,2025-08-06T07:15:41Z
849,txn-000849,20250828,130603,customer-197,shop-004,2,11.00,Debit Card,11,0,2025-08-28T13:06:03Z
850,txn-000850,20250927,153513,customer-162,shop-021,1,6.95,Debit Card,6,5,2025-09-27T15:35:13Z
851,txn-000851,20250930,22823,customer-052,shop-003,1,3.75,Gift Card,3,0,2025-09-30T02:28:23Z
852,txn-000852,20250916,183621,customer-016,shop-017,1,3.25,Credit Card,3,0,2025-09-16T18:36:21Z
853,txn-000853,20250901,71659,customer-230,shop-002,1,2.75,Credit Card,2,0,2025-09-01T07:16:59Z
854,txn-000854,20250912,20514,customer-048,shop-009,1,4.25,Mobile Pay,4,0,2025-09-12T02:05:14Z
855,txn-000855,20250813,213823,customer-085,shop-012,2,6.50,Mobile Pay,6,6,2025-08-13T21:38:23Z
856,txn-000856,20250813,220310,customer-162,shop-024,1,3.75,Credit Card,4,4,2025-08-13T22:03:10Z
857,txn-000857,20250930,82355,customer-088,shop-010,4,17.50,Gift Card,18,0,2025-09-30T08:23:55Z
858,txn-000858,20250924,154203,customer-250,shop-012,3,19.75,Gift Card,19,19,2025-09-24T15:42:03Z
859,txn-000859,20250827,204845,customer-179,shop-005,5,27.20,Credit Card,27,0,2025-08-27T20:48:45Z
860,txn-000860,20250908,32028,customer-103,shop-020,1,4.50,Debit Card,4,0,2025-09-08T03:20:28Z
861,txn-000861,20250920,5401,customer-117,shop-017,1,4.95,Cash,5,0,2025-09-20T00:54:01Z
862,txn-000862,20250805,161705,customer-137,shop-008,3,10.00,Credit Card,9,0,2025-08-05T16:17:05Z
863,txn-000863,20250922,34147,customer-030,shop-001,3,13.75,Mobile Pay,12,0,2025-09-22T03:41:47Z
864,txn-000864,20250829,210921,customer-084,shop-002,2,7.50,Credit Card,8,0,2025-08-29T21:09:21Z
865,txn-000865,20250926,210549,customer-028,shop-024,4,19.00,Gift Card,19,0,2025-09-26T21:05:49Z
866,txn-000866,20250823,175714,customer-187,shop-024,1,2.50,Mobile Pay,2,0,2025-08-23T17:57:14Z
867,txn-000867,20250818,82202,customer-049,shop-019,3,9.75,Debit Card,9,9,2025-08-18T08:22:02Z
868,txn-000868,20250825,12858,customer-117,shop-030,1,2.25,Gift Card,2,0,2025-08-25T01:28:58Z
869,txn-000869,20250906,223046,customer-099,shop-001,2,8.00,Credit Card,8,5,2025-09-06T22:30:46Z
870,txn-000870,20250811,134715,customer-139,shop-024,2,7.00,Credit Card,7,0,2025-08-11T13:47:15Z
871,txn-000871,20250916,175614,customer-040,shop-008,3,13.25,Cash,12,0,2025-09-16T17:56:14Z
872,txn-000872,20250910,134100,customer-037,shop-001,1,6.95,Credit Card,6,0,2025-09-10T13:41:00Z
873,txn-000873,20251006,164829,customer-099,shop-022,1,4.25,Credit Card,4,0,2025-10-06T16:48:29Z
874,txn-000874,20250930,4038,customer-086,shop-004,2,6.50,Credit Card,6,0,2025-09-30T00:40:38Z
875,txn-000875,20251005,5134,customer-176,shop-010,2,9.90,Mobile Pay,10,0,2025-10-05T00:51:34Z
876,txn-000876,20251009,72752,customer-205,shop-003,2,6.25,Debit Card,6,0,2025-10-09T07:27:52Z
877,txn-000877,20250812,54128,customer-148,shop-014,1,2.75,Mobile Pay,2,0,2025-08-12T05:41:28Z
878,txn-000878,20250911,93601,customer-124,shop-023,3,9.75,Cash,9,0,2025-09-11T09:36:01Z
879,txn-000879,20250921,224519,customer-138,shop-027,1,7.75,Gift Card,8,0,2025-09-21T22:45:19Z
880,txn-000880,20251008,121934,customer-023,shop-008,1,3.50,Credit Card,3,0,2025-10-08T12:19:34Z
881,txn-000881,20250807,4931,customer-234,shop-012,3,14.85,Debit Card,16,0,2025-08-07T00:49:31Z
882,txn-000882,20250823,11933,customer-015,shop-024,4,19.85,Credit Card,18,0,2025-08-23T01:19:33Z
883,txn-000883,20250816,143412,customer-008,shop-005,1,3.75,Debit Card,3,3,2025-08-16T14:34:12Z
884,txn-000884,20250915,203752,customer-191,shop-005,2,6.75,Cash,7,0,2025-09-15T20:37:52Z
885,txn-000885,20250816,91437,customer-016,shop-029,2,6.00,Credit Card,6,0,2025-08-16T09:14:37Z
886,txn-000886,20250826,71836,customer-236,shop-019,4,26.25,Mobile Pay,28,0,2025-08-26T07:18:36Z
887,txn-000887,20250909,30018,customer-159,shop-002,2,11.90,Gift Card,12,0,2025-09-09T03:00:18Z
888,txn-000888,20250831,154705,customer-168,shop-021,1,5.50,Gift Card,5,5,2025-08-31T15:47:05Z
889,txn-000889,20250928,193205,customer-200,shop-028,1,4.50,Credit Card,4,4,2025-09-28T19:32:05Z
890,txn-000890,20250819,112829,customer-142,shop-007,1,5.25,Credit Card,5,0,2025-08-19T11:28:29Z
891,txn-000891,20250805,162636,customer-013,shop-011,2,11.00,Mobile Pay,11,0,2025-08-05T16:26:36Z
892,txn-000892,20250908,41536,customer-186,shop-012,1,2.25,Credit Card,2,2,2025-09-08T04:15:36Z
893,txn-000893,20250916,132252,customer-151,shop-028,2,7.00,Mobile Pay,6,0,2025-09-16T13:22:52Z
894,txn-000894,20250822,42939,customer-207,shop-022,4,16.75,Debit Card,18,0,2025-08-22T04:29:39Z
895,txn-000895,20250813,234245,customer-087,shop-010,2,12.25,Cash,13,0,2025-08-13T23:42:45Z
896,txn-000896,20250816,10715,customer-146,shop-021,3,13.65,Credit Card,13,0,2025-08-16T01:07:15Z
897,txn-000897,20250829,224901,customer-042,shop-003,1,3.75,Cash,3,0,2025-08-29T22:49:01Z
898,txn-000898,20250916,44640,customer-066,shop-025,5,20.00,Debit Card,18,0,2025-09-16T04:46:40Z
899,txn-000899,20250930,212952,customer-244,shop-011,3,10.45,Credit Card,11,11,2025-09-30T21:29:52Z
900,txn-000900,20251008,43128,customer-211,shop-018,2,10.70,Debit Card,11,0,2025-10-08T04:31:28Z
901,txn-000901,20250904,30503,customer-120,shop-015,3,12.20,Cash,11,0,2025-09-04T03:05:03Z
902,txn-000902,20250928,221658,customer-125,shop-007,1,3.50,Gift Card,3,3,2025-09-28T22:16:58Z
903,txn-000903,20250901,80520,customer-146,shop-002,3,16.50,Gift Card,15,0,2025-09-01T08:05:20Z
904,txn-000904,20250803,112737,customer-244,shop-025,1,3.25,Gift Card,3,3,2025-08-03T11:27:37Z
905,txn-000905,20250911,122,customer-135,shop-007,2,7.50,Mobile Pay,7,0,2025-09-11T00:01:22Z
906,txn-000906,20250830,15019,customer-043,shop-007,1,5.95,Gift Card,6,0,2025-08-30T01:50:19Z
907,txn-000907,20251007,123438,customer-147,shop-013,2,7.50,Cash,7,0,2025-10-07T12:34:38Z
908,txn-000908,20251011,131029,customer-191,shop-027,1,3.50,Mobile Pay,3,0,2025-10-11T13:10:29Z
909,txn-000909,20251005,162423,customer-105,shop-009,3,12.75,Credit Card,13,0,2025-10-05T16:24:23Z
910,txn-000910,20250821,144700,customer-244,shop-007,5,20.50,Cash,21,0,2025-08-21T14:47:00Z
911,txn-000911,20250910,21614,customer-091,shop-012,2,5.50,Gift Card,5,0,2025-09-10T02:16:14Z
912,txn-000912,20250923,220033,customer-153,shop-006,1,7.75,Gift Card,7,0,2025-09-23T22:00:33Z
913,txn-000913,20250810,211240,customer-023,shop-026,3,17.75,Credit Card,16,0,2025-08-10T21:12:40Z
914,txn-000914,20250926,162220,customer-207,shop-002,2,8.75,Mobile Pay,8,8,2025-09-26T16:22:20Z
915,txn-000915,20250910,81227,customer-233,shop-027,1,5.50,Gift Card,5,0,2025-09-10T08:12:27Z
916,txn-000916,20250831,21710,customer-215,shop-029,1,6.75,Debit Card,6,0,2025-08-31T02:17:10Z
917,txn-000917,20250920,151619,customer-210,shop-024,1,3.25,Mobile Pay,3,0,2025-09-20T15:16:19Z
918,txn-000918,20251002,193827,customer-101,shop-027,1,6.95,Cash,7,0,2025-10-02T19:38:27Z
919,txn-000919,20250912,171310,customer-060,shop-004,2,6.50,Debit Card,6,0,2025-09-12T17:13:10Z
920,txn-000920,20250923,222147,customer-041,shop-011,1,6.75,Credit Card,6,6,2025-09-23T22:21:47Z
921,txn-000921,20250808,213311,customer-147,shop-013,4,19.20,Debit Card,20,0,2025-08-08T21:33:11Z
922,txn-000922,20250826,125742,customer-169,shop-002,3,10.50,Credit Card,11,11,2025-08-26T12:57:42Z
923,txn-000923,20250905,80700,customer-234,shop-027,1,3.50,Gift Card,3,3,2025-09-05T08:07:00Z
924,txn-000924,20250906,162421,customer-228,shop-011,3,10.25,Gift Card,10,10,2025-09-06T16:24:21Z
925,txn-000925,20250903,220352,customer-124,shop-020,1,3.25,Cash,3,0,2025-09-03T22:03:52Z
926,txn-000926,20250922,65149,customer-006,shop-017,2,11.00,Debit Card,9,7,2025-09-22T06:51:49Z
927,txn-000927,20251010,214558,customer-178,shop-005,1,4.50,Mobile Pay,4,0,2025-10-10T21:45:58Z
928,txn-000928,20250918,91806,customer-112,shop-017,2,10.50,Debit Card,10,0,2025-09-18T09:18:06Z
929,txn-000929,20250811,54542,customer-150,shop-026,1,5.25,Mobile Pay,5,0,2025-08-11T05:45:42Z
930,txn-000930,20251012,184915,customer-070,shop-027,1,6.95,Cash,6,0,2025-10-12T18:49:15Z
931,txn-000931,20250807,114504,customer-116,shop-006,1,7.25,Cash,7,0,2025-08-07T11:45:04Z
932,txn-000932,20250921,180901,customer-091,shop-013,1,2.75,Credit Card,2,2,2025-09-21T18:09:01Z
933,txn-000933,20250906,84422,customer-038,shop-025,1,4.00,Credit Card,3,0,2025-09-06T08:44:22Z
934,txn-000934,20250823,200639,customer-144,shop-003,2,7.50,Mobile Pay,8,0,2025-08-23T20:06:39Z
935,txn-000935,20250808,122110,customer-147,shop-029,3,12.75,Gift Card,12,0,2025-08-08T12:21:10Z
936,txn-000936,20250911,33314,customer-031,shop-004,2,10.20,Debit Card,10,0,2025-09-11T03:33:14Z
937,txn-000937,20250801,164941,customer-234,shop-015,3,17.65,Debit Card,15,0,2025-08-01T16:49:41Z
938,txn-000938,20250910,131213,customer-186,shop-010,2,11.45,Mobile Pay,11,0,2025-09-10T13:12:13Z
939,txn-000939,20250914,91508,customer-127,shop-028,2,6.50,Credit Card,7,0,2025-09-14T09:15:08Z
940,txn-000940,20251010,133757,customer-112,shop-008,3,16.50,Credit Card,17,0,2025-10-10T13:37:57Z
941,txn-000941,20250826,110658,customer-227,shop-026,1,3.75,Credit Card,3,0,2025-08-26T11:06:58Z
942,txn-000942,20250907,22550,customer-070,shop-023,1,4.25,Debit Card,3,0,2025-09-07T02:25:50Z
943,txn-000943,20250910,90240,customer-164,shop-015,1,5.75,Credit Card,5,0,2025-09-10T09:02:40Z
944,txn-000944,20251015,62327,customer-188,shop-016,1,3.75,Credit Card,3,0,2025-10-15T06:23:27Z
945,txn-000945,20251004,64205,customer-166,shop-024,1,2.50,Credit Card,2,0,2025-10-04T06:42:05Z
946,txn-000946,20250907,151519,customer-049,shop-016,1,3.25,Mobile Pay,3,0,2025-09-07T15:15:19Z
947,txn-000947,20251009,5712,customer-117,shop-021,2,7.00,Cash,6,0,2025-10-09T00:57:12Z
948,txn-000948,20250930,114907,customer-132,shop-007,1,6.75,Debit Card,7,0,2025-09-30T11:49:07Z
949,txn-000949,20250811,34937,customer-038,shop-015,1,3.50,Credit Card,3,0,2025-08-11T03:49:37Z
950,txn-000950,20250904,100707,customer-068,shop-004,1,3.75,Credit Card,3,0,2025-09-04T10:07:07Z
951,txn-000951,20250913,22353,customer-070,shop-012,2,11.00,Credit Card,11,0,2025-09-13T02:23:53Z
952,txn-000952,20250912,81649,customer-028,shop-022,3,12.25,Debit Card,13,0,2025-09-12T08:16:49Z
953,txn-000953,20250909,124130,customer-101,shop-013,2,5.75,Debit Card,5,0,2025-09-09T12:41:30Z
954,txn-000954,20251011,120410,customer-001,shop-004,3,10.00,Cash,10,5,2025-10-11T12:04:10Z
955,txn-000955,20251004,215756,customer-122,shop-014,1,3.25,Credit Card,3,3,2025-10-04T21:57:56Z
956,txn-000956,20250916,60615,customer-150,shop-001,1,3.75,Debit Card,4,0,2025-09-16T06:06:15Z
957,txn-000957,20250921,55757,customer-129,shop-006,1,2.75,Credit Card,2,0,2025-09-21T05:57:57Z
958,txn-000958,20251004,155114,customer-125,shop-009,1,5.50,Gift Card,5,0,2025-10-04T15:51:14Z
959,txn-000959,20250928,21059,customer-124,shop-004,5,21.85,Cash,21,21,2025-09-28T02:10:59Z
960,txn-000960,20251012,44102,customer-179,shop-014,3,19.15,Debit Card,19,0,2025-10-12T04:41:02Z
961,txn-000961,20250913,205224,customer-246,shop-029,1,5.50,Debit Card,5,0,2025-09-13T20:52:24Z
962,txn-000962,20250831,64631,customer-049,shop-002,3,14.25,Cash,15,0,2025-08-31T06:46:31Z
963,txn-000963,20250802,12518,customer-128,shop-030,2,9.90,Debit Card,10,0,2025-08-02T01:25:18Z
964,txn-000964,20250830,173243,customer-125,shop-010,1,3.75,Mobile Pay,3,3,2025-08-30T17:32:43Z
965,txn-000965,20250801,175140,customer-111,shop-012,2,8.50,Credit Card,8,0,2025-08-01T17:51:40Z
966,txn-000966,20251014,213758,customer-144,shop-005,1,4.50,Mobile Pay,4,0,2025-10-14T21:37:58Z
967,txn-000967,20250916,43502,customer-239,shop-012,2,9.90,Gift Card,10,0,2025-09-16T04:35:02Z
968,txn-000968,20250912,133131,customer-174,shop-029,1,4.50,Cash,4,0,2025-09-12T13:31:31Z
969,txn-000969,20250809,132727,customer-077,shop-019,1,6.95,Gift Card,6,0,2025-08-09T13:27:27Z
970,txn-000970,20250919,35827,customer-240,shop-022,1,7.25,Mobile Pay,7,7,2025-09-19T03:58:27Z
971,txn-000971,20250803,193404,customer-246,shop-025,2,6.00,Credit Card,6,0,2025-08-03T19:34:04Z
972,txn-000972,20250829,173221,customer-014,shop-025,2,7.00,Debit Card,7,0,2025-08-29T17:32:21Z
973,txn-000973,20250806,123809,customer-022,shop-002,1,4.95,Credit Card,5,0,2025-08-06T12:38:09Z
974,txn-000974,20250813,5855,customer-190,shop-019,3,15.75,Cash,14,0,2025-08-13T00:58:55Z
975,txn-000975,20251002,83205,customer-219,shop-005,2,6.50,Mobile Pay,6,0,2025-10-02T08:32:05Z
976,txn-000976,20250920,171627,customer-025,shop-008,1,2.75,Credit Card,2,0,2025-09-20T17:16:27Z
977,txn-000977,20250917,50853,customer-048,shop-027,1,3.25,Cash,3,3,2025-09-17T05:08:53Z
978,txn-000978,20251002,2648,customer-006,shop-006,1,4.50,Debit Card,4,0,2025-10-02T00:26:48Z
979,txn-000979,20250927,95508,customer-127,shop-012,1,4.95,Mobile Pay,4,4,2025-09-27T09:55:08Z
980,txn-000980,20250812,215454,customer-145,shop-013,1,2.75,Cash,2,0,2025-08-12T21:54:54Z
981,txn-000981,20250915,161809,customer-226,shop-024,1,3.95,Mobile Pay,4,0,2025-09-15T16:18:09Z
982,txn-000982,20251008,193721,customer-135,shop-013,1,4.25,Credit Card,4,0,2025-10-08T19:37:21Z
983,txn-000983,20250814,201854,customer-072,shop-026,3,13.95,Mobile Pay,14,14,2025-08-14T20:18:54Z
984,txn-000984,20250927,100729,customer-245,shop-019,2,12.20,Cash,11,11,2025-09-27T10:07:29Z
985,txn-000985,20250901,161051,customer-195,shop-008,2,9.00,Debit Card,9,0,2025-09-01T16:10:51Z
986,txn-000986,20250807,115933,customer-016,shop-020,1,4.50,Credit Card,4,0,2025-08-07T11:59:33Z
987,txn-000987,20250818,33621,customer-083,shop-004,1,3.25,Gift Card,3,0,2025-08-18T03:36:21Z
988,txn-000988,20250829,3811,customer-058,shop-007,1,2.25,Debit Card,2,0,2025-08-29T00:38:11Z
989,txn-000989,20250810,141035,customer-053,shop-002,1,7.75,Credit Card,7,0,2025-08-10T14:10:35Z
990,txn-000990,20251011,25811,customer-246,shop-030,2,10.50,Cash,10,0,2025-10-11T02:58:11Z
991,txn-000991,20250924,115132,customer-219,shop-005,1,6.95,Gift Card,6,0,2025-09-24T11:51:32Z
992,txn-000992,20250811,10839,customer-031,shop-016,4,12.50,Credit Card,11,0,2025-08-11T01:08:39Z
993,txn-000993,20250807,202029,customer-224,shop-028,2,6.50,Mobile Pay,7,0,2025-08-07T20:20:29Z
994,txn-000994,20250909,1457,customer-159,shop-002,1,3.25,Credit Card,3,0,2025-09-09T00:14:57Z
995,txn-000995,20250902,173215,customer-228,shop-025,2,5.50,Debit Card,5,0,2025-09-02T17:32:15Z
996,txn-000996,20250924,235248,customer-232,shop-020,1,4.50,Credit Card,4,4,2025-09-24T23:52:48Z
997,txn-000997,20250916,173706,customer-243,shop-005,1,3.50,Credit Card,3,0,2025-09-16T17:37:06Z
998,txn-000998,20250823,84228,customer-006,shop-030,3,16.45,Credit Card,14,0,2025-08-23T08:42:28Z
999,txn-000999,20250907,200358,customer-197,shop-013,1,7.75,Debit Card,7,0,2025-09-07T20:03:58Z
1000,txn-001000,20250905,224923,customer-091,shop-007,3,13.75,Gift Card,15,12,2025-09-05T22:49:23Z
